x_data,y_data,na_ratio,test,mechanism,pvalue,effect_size
0,0,0.0,chi2,MCAR,1.2973668514899577e-88,0.38191432298512584
0,0,0.0,chi2,MAR,1.2973668514899577e-88,0.38191432298512584
0,0,0.0,chi2,MNAR,1.2973668514899577e-88,0.38191432298512584
0,0,0.1,chi2,MCAR,1.0128373991934959e-68,0.37852130769584474
0,0,0.1,chi2,MAR,2.664723842701536e-78,0.37657723077500155
0,0,0.1,chi2,MNAR,1.2973668514899577e-88,0.38191432298512584
0,0,0.2,chi2,MCAR,2.2752808162838158e-58,0.39735101151138974
0,0,0.2,chi2,MAR,1.0296070671036986e-65,0.3681477370341789
0,0,0.2,chi2,MNAR,1.2973668514899577e-88,0.38191432298512584
0,0,0.3,chi2,MCAR,1.322079478264625e-39,0.37884125723133966
0,0,0.3,chi2,MAR,4.4798867666124275e-56,0.35959744091780177
0,0,0.3,chi2,MNAR,1.7579409255647265e-56,0.453519422088098
0,0,0.4,chi2,MCAR,3.9134165166885e-25,0.36514016585408227
0,0,0.4,chi2,MAR,1.24933531479499e-43,0.34511212031289124
0,0,0.4,chi2,MNAR,1.7579409255647265e-56,0.453519422088098
1,1,0.0,chi2,MCAR,5.892230974062103e-103,0.410130152053172
1,1,0.0,chi2,MAR,5.892230974062103e-103,0.410130152053172
1,1,0.0,chi2,MNAR,5.892230974062103e-103,0.410130152053172
1,1,0.1,chi2,MCAR,7.800200511454334e-84,0.41082985800838745
1,1,0.1,chi2,MAR,1.1375212060205181e-95,0.41655526158016787
1,1,0.1,chi2,MNAR,5.892230974062103e-103,0.410130152053172
1,1,0.2,chi2,MCAR,7.673417705301251e-63,0.3998986378665962
1,1,0.2,chi2,MAR,2.1318907025705273e-76,0.3993411219709723
1,1,0.2,chi2,MNAR,5.892230974062103e-103,0.410130152053172
1,1,0.3,chi2,MCAR,3.002758802443813e-42,0.38347356788078923
1,1,0.3,chi2,MAR,8.481245138800096e-66,0.3925613383405661
1,1,0.3,chi2,MNAR,3.0551159788412483e-56,0.4546809561650354
1,1,0.4,chi2,MCAR,2.5651262075900068e-31,0.39827317933011785
1,1,0.4,chi2,MAR,4.1913092747890455e-59,0.40324295674750105
1,1,0.4,chi2,MNAR,3.0551159788412483e-56,0.4546809561650354
2,2,0.0,chi2,MCAR,1.308572489672783e-97,0.3998519433577676
2,2,0.0,chi2,MAR,1.308572489672783e-97,0.3998519433577676
2,2,0.0,chi2,MNAR,1.308572489672783e-97,0.3998519433577676
2,2,0.1,chi2,MCAR,8.834642394166672e-78,0.39582092594324403
2,2,0.1,chi2,MAR,2.5764604672983792e-89,0.404081389607775
2,2,0.1,chi2,MNAR,1.308572489672783e-97,0.3998519433577676
2,2,0.2,chi2,MCAR,3.1202951602951883e-55,0.38789402621919794
2,2,0.2,chi2,MAR,3.492840344293203e-77,0.39951591142937903
2,2,0.2,chi2,MNAR,1.308572489672783e-97,0.3998519433577676
2,2,0.3,chi2,MCAR,1.9330260613872062e-39,0.3809076611285492
2,2,0.3,chi2,MAR,2.158648701822522e-65,0.3947529480379393
2,2,0.3,chi2,MNAR,2.9048306424593797e-55,0.4514810100289922
2,2,0.4,chi2,MCAR,5.500135034988596e-26,0.3582716600237457
2,2,0.4,chi2,MAR,6.494971473666514e-55,0.39322766135402215
2,2,0.4,chi2,MNAR,2.9048306424593797e-55,0.4514810100289922
3,3,0.0,chi2,MCAR,1.3909206194451565e-109,0.4225136817975532
3,3,0.0,chi2,MAR,1.3909206194451565e-109,0.4225136817975532
3,3,0.0,chi2,MNAR,1.3909206194451565e-109,0.4225136817975532
3,3,0.1,chi2,MCAR,2.514591275850513e-87,0.4261794509619193
3,3,0.1,chi2,MAR,2.9012661438105203e-98,0.4202615212282707
3,3,0.1,chi2,MNAR,1.3909206194451565e-109,0.4225136817975532
3,3,0.2,chi2,MCAR,4.916537334698878e-63,0.41622163571776344
3,3,0.2,chi2,MAR,5.032421909630528e-86,0.4184325656433183
3,3,0.2,chi2,MNAR,1.3909206194451565e-109,0.4225136817975532
3,3,0.3,chi2,MCAR,1.1779810122808318e-51,0.4339761899250377
3,3,0.3,chi2,MAR,1.1879387086681116e-77,0.4303952227282683
3,3,0.3,chi2,MNAR,2.3436253947606485e-69,0.5076466080716158
3,3,0.4,chi2,MCAR,7.390690419217257e-37,0.4337145707255793
3,3,0.4,chi2,MAR,1.210861526783891e-60,0.41883326773239804
3,3,0.4,chi2,MNAR,2.3436253947606485e-69,0.5076466080716158
4,4,0.0,chi2,MCAR,3.327775979257613e-76,0.355638710920425
4,4,0.0,chi2,MAR,3.327775979257613e-76,0.355638710920425
4,4,0.0,chi2,MNAR,3.327775979257613e-76,0.355638710920425
4,4,0.1,chi2,MCAR,4.1620898171615206e-57,0.3465127952438548
4,4,0.1,chi2,MAR,2.7826855862766865e-69,0.3553167052879708
4,4,0.1,chi2,MNAR,3.327775979257613e-76,0.355638710920425
4,4,0.2,chi2,MCAR,1.8352454465322145e-41,0.3345109496036446
4,4,0.2,chi2,MAR,2.9252655666570214e-62,0.3587497478140287
4,4,0.2,chi2,MNAR,3.327775979257613e-76,0.355638710920425
4,4,0.3,chi2,MCAR,1.6258568065629967e-32,0.3373731315481786
4,4,0.3,chi2,MAR,8.586181440091973e-57,0.3629677199632085
4,4,0.3,chi2,MNAR,3.420521477230099e-54,0.4591543279298556
4,4,0.4,chi2,MCAR,4.923124568719015e-25,0.35094522132277267
4,4,0.4,chi2,MAR,7.681767324435754e-51,0.3709030523448937
4,4,0.4,chi2,MNAR,3.420521477230099e-54,0.4591543279298556
5,5,0.0,chi2,MCAR,3.161150379943717e-106,0.4162887529261023
5,5,0.0,chi2,MAR,3.161150379943717e-106,0.4162887529261023
5,5,0.0,chi2,MNAR,3.161150379943717e-106,0.4162887529261023
5,5,0.1,chi2,MCAR,2.9045708127256684e-77,0.40146715091145463
5,5,0.1,chi2,MAR,1.5751126987580686e-97,0.4255930368284854
5,5,0.1,chi2,MNAR,3.161150379943717e-106,0.4162887529261023
5,5,0.2,chi2,MCAR,1.3154053487841594e-59,0.39807836636099975
5,5,0.2,chi2,MAR,2.5777030053165784e-87,0.42859673510523527
5,5,0.2,chi2,MNAR,3.161150379943717e-106,0.4162887529261023
5,5,0.3,chi2,MCAR,3.293817616183801e-46,0.40449459125296955
5,5,0.3,chi2,MAR,4.2851315630923216e-68,0.4087595616088334
5,5,0.3,chi2,MNAR,2.001363861318878e-67,0.4895468820576825
5,5,0.4,chi2,MCAR,6.792568389853031e-35,0.4176251030933279
5,5,0.4,chi2,MAR,1.362174333960255e-51,0.38986539908452905
5,5,0.4,chi2,MNAR,2.001363861318878e-67,0.4895468820576825
6,6,0.0,chi2,MCAR,7.905340685124439e-100,0.4041501810323749
6,6,0.0,chi2,MAR,7.905340685124439e-100,0.4041501810323749
6,6,0.0,chi2,MNAR,7.905340685124439e-100,0.4041501810323749
6,6,0.1,chi2,MCAR,1.4570851376973287e-84,0.41076511910392255
6,6,0.1,chi2,MAR,9.871481287678091e-89,0.4030524209719943
6,6,0.1,chi2,MNAR,7.905340685124439e-100,0.4041501810323749
6,6,0.2,chi2,MCAR,4.516203206814206e-72,0.4287045893778848
6,6,0.2,chi2,MAR,3.970615807574023e-74,0.3924771547457257
6,6,0.2,chi2,MNAR,7.905340685124439e-100,0.4041501810323749
6,6,0.3,chi2,MCAR,5.9143545421996525e-59,0.4459635450220104
6,6,0.3,chi2,MAR,1.1841087070529263e-64,0.3896220442741677
6,6,0.3,chi2,MNAR,5.1224018263948216e-61,0.48833730949158477
6,6,0.4,chi2,MCAR,1.733840702739204e-39,0.4368539624112537
6,6,0.4,chi2,MAR,1.3199217948744955e-44,0.3534225612563749
6,6,0.4,chi2,MNAR,5.1224018263948216e-61,0.48833730949158477
7,7,0.0,chi2,MCAR,1.2306059397926673e-113,0.4299073572243018
7,7,0.0,chi2,MAR,1.2306059397926673e-113,0.4299073572243018
7,7,0.0,chi2,MNAR,1.2306059397926673e-113,0.4299073572243018
7,7,0.1,chi2,MCAR,2.2205508016730357e-91,0.4311123554746394
7,7,0.1,chi2,MAR,9.658920413500607e-105,0.43708715419646743
7,7,0.1,chi2,MNAR,1.2306059397926673e-113,0.4299073572243018
7,7,0.2,chi2,MCAR,8.339609900950833e-65,0.4113419652469843
7,7,0.2,chi2,MAR,8.983581285174022e-87,0.42706174156629767
7,7,0.2,chi2,MNAR,1.2306059397926673e-113,0.4299073572243018
7,7,0.3,chi2,MCAR,1.4168949599097897e-53,0.4313338789426039
7,7,0.3,chi2,MAR,8.394678753596913e-81,0.43949787569942195
7,7,0.3,chi2,MNAR,2.1969622776944014e-65,0.49195395515823137
7,7,0.4,chi2,MCAR,1.8888571456014733e-40,0.4492385647455645
7,7,0.4,chi2,MAR,2.0157100937523053e-67,0.43381794812650404
7,7,0.4,chi2,MNAR,2.1969622776944014e-65,0.49195395515823137
8,8,0.0,chi2,MCAR,1.0402339497316618e-90,0.3861701751755205
8,8,0.0,chi2,MAR,1.0402339497316618e-90,0.3861701751755205
8,8,0.0,chi2,MNAR,1.0402339497316618e-90,0.3861701751755205
8,8,0.1,chi2,MCAR,5.43266230486646e-66,0.36595740205496086
8,8,0.1,chi2,MAR,1.0561372125011352e-82,0.38685073034594836
8,8,0.1,chi2,MNAR,1.0402339497316618e-90,0.3861701751755205
8,8,0.2,chi2,MCAR,1.393468445138101e-51,0.3618086182998648
8,8,0.2,chi2,MAR,1.527234248216166e-73,0.392491348385178
8,8,0.2,chi2,MNAR,1.0402339497316618e-90,0.3861701751755205
8,8,0.3,chi2,MCAR,3.104950921884033e-38,0.3534512922438379
8,8,0.3,chi2,MAR,1.549040104094353e-64,0.391769934431825
8,8,0.3,chi2,MNAR,8.73479469323373e-56,0.45463819353603274
8,8,0.4,chi2,MCAR,5.473476005736075e-33,0.3944586543666815
8,8,0.4,chi2,MAR,1.693234263257607e-52,0.39234147535954056
8,8,0.4,chi2,MNAR,8.73479469323373e-56,0.45463819353603274
9,9,0.0,chi2,MCAR,4.48423199000516e-96,0.3968506282678954
9,9,0.0,chi2,MAR,4.48423199000516e-96,0.3968506282678954
9,9,0.0,chi2,MNAR,4.48423199000516e-96,0.3968506282678954
9,9,0.1,chi2,MCAR,3.8549276323545533e-81,0.40064777667287005
9,9,0.1,chi2,MAR,8.987487855554088e-88,0.3978959507139094
9,9,0.1,chi2,MNAR,4.48423199000516e-96,0.3968506282678954
9,9,0.2,chi2,MCAR,1.93093927628331e-65,0.40662747981668296
9,9,0.2,chi2,MAR,7.5227808308025545e-84,0.4111170576491506
9,9,0.2,chi2,MNAR,4.48423199000516e-96,0.3968506282678954
9,9,0.3,chi2,MCAR,2.0587817233493862e-46,0.3987915279957692
9,9,0.3,chi2,MAR,1.2771822957106618e-71,0.41284131945023145
9,9,0.3,chi2,MNAR,3.292536230589861e-67,0.4982723669579996
9,9,0.4,chi2,MCAR,1.4097580003189913e-37,0.4241552944668139
9,9,0.4,chi2,MAR,7.76993234911544e-61,0.41345854172498897
9,9,0.4,chi2,MNAR,3.292536230589861e-67,0.4982723669579996
10,10,0.0,chi2,MCAR,1.1660891656905556e-114,0.43175365640740404
10,10,0.0,chi2,MAR,1.1660891656905556e-114,0.43175365640740404
10,10,0.0,chi2,MNAR,1.1660891656905556e-114,0.43175365640740404
10,10,0.1,chi2,MCAR,2.0483195272051708e-91,0.43307082588333445
10,10,0.1,chi2,MAR,4.198598024468473e-104,0.4348452490929981
10,10,0.1,chi2,MNAR,1.1660891656905556e-114,0.43175365640740404
10,10,0.2,chi2,MCAR,1.8884553944371613e-68,0.42367544616504565
10,10,0.2,chi2,MAR,6.710472832092951e-92,0.43579383794394166
10,10,0.2,chi2,MNAR,1.1660891656905556e-114,0.43175365640740404
10,10,0.3,chi2,MCAR,7.092516847518767e-44,0.39255305657296774
10,10,0.3,chi2,MAR,1.3640572043518913e-73,0.4258186996282105
10,10,0.3,chi2,MNAR,2.3365373027514522e-74,0.5249477518070804
10,10,0.4,chi2,MCAR,3.412163508923877e-30,0.38738856755989015
10,10,0.4,chi2,MAR,7.055431868758997e-59,0.414890358163512
10,10,0.4,chi2,MNAR,2.3365373027514522e-74,0.5249477518070804
11,11,0.0,chi2,MCAR,5.6505777282604605e-106,0.4158170766244661
11,11,0.0,chi2,MAR,5.6505777282604605e-106,0.4158170766244661
11,11,0.0,chi2,MNAR,5.6505777282604605e-106,0.4158170766244661
11,11,0.1,chi2,MCAR,1.618460616140546e-83,0.41415507016100644
11,11,0.1,chi2,MAR,3.073125938773802e-95,0.418682645165704
11,11,0.1,chi2,MNAR,5.6505777282604605e-106,0.4158170766244661
11,11,0.2,chi2,MCAR,3.338849334871574e-66,0.4180838432824739
11,11,0.2,chi2,MAR,1.2073626794676554e-79,0.40674462341645656
11,11,0.2,chi2,MNAR,5.6505777282604605e-106,0.4158170766244661
11,11,0.3,chi2,MCAR,9.146586768695267e-42,0.39060128879035017
11,11,0.3,chi2,MAR,1.066740480835065e-60,0.38343702157500525
11,11,0.3,chi2,MNAR,5.695433786594902e-58,0.4666174638999082
11,11,0.4,chi2,MCAR,9.191172702633118e-34,0.4161948255266166
11,11,0.4,chi2,MAR,4.843230758633444e-48,0.36840958949572583
11,11,0.4,chi2,MNAR,5.695433786594902e-58,0.4666174638999082
12,12,0.0,chi2,MCAR,2.449528771514917e-77,0.35812079979711064
12,12,0.0,chi2,MAR,2.449528771514917e-77,0.35812079979711064
12,12,0.0,chi2,MNAR,2.449528771514917e-77,0.35812079979711064
12,12,0.1,chi2,MCAR,7.706774444087106e-60,0.3523889436076959
12,12,0.1,chi2,MAR,1.3667027841840954e-58,0.33405298191779603
12,12,0.1,chi2,MNAR,2.449528771514917e-77,0.35812079979711064
12,12,0.2,chi2,MCAR,2.196804308869267e-48,0.35799577283240286
12,12,0.2,chi2,MAR,1.3463399622942066e-53,0.33985078256827805
12,12,0.2,chi2,MNAR,2.449528771514917e-77,0.35812079979711064
12,12,0.3,chi2,MCAR,4.976495773362579e-42,0.386071556016239
12,12,0.3,chi2,MAR,1.659562824793857e-43,0.3308206045616926
12,12,0.3,chi2,MNAR,1.2803992823710222e-40,0.3912442941756951
12,12,0.4,chi2,MCAR,2.2436194210781134e-36,0.4208233011192856
12,12,0.4,chi2,MAR,3.640421636329337e-38,0.33626728300674424
12,12,0.4,chi2,MNAR,1.2803992823710222e-40,0.3912442941756951
13,13,0.0,chi2,MCAR,3.6758155865418165e-118,0.4380101998848488
13,13,0.0,chi2,MAR,3.6758155865418165e-118,0.4380101998848488
13,13,0.0,chi2,MNAR,3.6758155865418165e-118,0.4380101998848488
13,13,0.1,chi2,MCAR,3.1887652010629817e-105,0.46595120727349937
13,13,0.1,chi2,MAR,6.013636647539904e-103,0.43229742138337396
13,13,0.1,chi2,MNAR,3.6758155865418165e-118,0.4380101998848488
13,13,0.2,chi2,MCAR,1.9649096210592274e-88,0.47805421950566346
13,13,0.2,chi2,MAR,3.195931618606717e-84,0.4178876294367081
13,13,0.2,chi2,MNAR,3.6758155865418165e-118,0.4380101998848488
13,13,0.3,chi2,MCAR,3.469214231505476e-77,0.5111296114014282
13,13,0.3,chi2,MAR,1.964522449652622e-64,0.3934348678418931
13,13,0.3,chi2,MNAR,2.4286391604032348e-79,0.5407264900839522
13,13,0.4,chi2,MCAR,3.989179086396271e-58,0.5213944857897542
13,13,0.4,chi2,MAR,4.2679960552017316e-48,0.37645063052172695
13,13,0.4,chi2,MNAR,2.4286391604032348e-79,0.5407264900839522
14,14,0.0,chi2,MCAR,1.9666341309708697e-104,0.4129223622765985
14,14,0.0,chi2,MAR,1.9666341309708697e-104,0.4129223622765985
14,14,0.0,chi2,MNAR,1.9666341309708697e-104,0.4129223622765985
14,14,0.1,chi2,MCAR,9.773819830207733e-85,0.41700297838837863
14,14,0.1,chi2,MAR,2.830767928967681e-90,0.40772141287729846
14,14,0.1,chi2,MNAR,1.9666341309708697e-104,0.4129223622765985
14,14,0.2,chi2,MCAR,3.021373488855344e-67,0.42082616026072284
14,14,0.2,chi2,MAR,3.059526905154596e-79,0.4052620252379114
14,14,0.2,chi2,MNAR,1.9666341309708697e-104,0.4129223622765985
14,14,0.3,chi2,MCAR,1.0057188258336035e-53,0.4301336908969854
14,14,0.3,chi2,MAR,1.0136356450234112e-65,0.39652642666178667
14,14,0.3,chi2,MNAR,1.9948942462369061e-72,0.49599347597885657
14,14,0.4,chi2,MCAR,1.9683322236482433e-43,0.4501051712657425
14,14,0.4,chi2,MAR,1.3544320610835326e-57,0.40070880452164714
14,14,0.4,chi2,MNAR,1.9948942462369061e-72,0.49599347597885657
15,15,0.0,chi2,MCAR,1.8428083316753988e-108,0.4204430578929979
15,15,0.0,chi2,MAR,1.8428083316753988e-108,0.4204430578929979
15,15,0.0,chi2,MNAR,1.8428083316753988e-108,0.4204430578929979
15,15,0.1,chi2,MCAR,3.501707035818112e-88,0.4200125430429624
15,15,0.1,chi2,MAR,7.237045929937303e-104,0.4303246582920072
15,15,0.1,chi2,MNAR,1.8428083316753988e-108,0.4204430578929979
15,15,0.2,chi2,MCAR,4.86203113836577e-72,0.4312648772886372
15,15,0.2,chi2,MAR,8.608643548536727e-88,0.42431752271149636
15,15,0.2,chi2,MNAR,1.8428083316753988e-108,0.4204430578929979
15,15,0.3,chi2,MCAR,7.069489860776571e-55,0.43886759738135284
15,15,0.3,chi2,MAR,9.037287586004797e-76,0.4239278436774872
15,15,0.3,chi2,MNAR,1.3878104911434507e-65,0.49153430615755067
15,15,0.4,chi2,MCAR,1.0102136800144344e-41,0.4343280497089875
15,15,0.4,chi2,MAR,2.0253786904835926e-66,0.43006755218456894
15,15,0.4,chi2,MNAR,1.3878104911434507e-65,0.49153430615755067
16,16,0.0,chi2,MCAR,1.1983849251477644e-88,0.38198470392392186
16,16,0.0,chi2,MAR,1.1983849251477644e-88,0.38198470392392186
16,16,0.0,chi2,MNAR,1.1983849251477644e-88,0.38198470392392186
16,16,0.1,chi2,MCAR,1.1186662025179238e-74,0.3943385821113012
16,16,0.1,chi2,MAR,1.4406125083604484e-79,0.38473215952718925
16,16,0.1,chi2,MNAR,1.1983849251477644e-88,0.38198470392392186
16,16,0.2,chi2,MCAR,1.5198092636416268e-58,0.39320815798574427
16,16,0.2,chi2,MAR,4.7135516019750155e-71,0.3861890181176184
16,16,0.2,chi2,MNAR,1.1983849251477644e-88,0.38198470392392186
16,16,0.3,chi2,MCAR,7.219832233177911e-47,0.3978182383761344
16,16,0.3,chi2,MAR,3.638932858966664e-59,0.376461639215697
16,16,0.3,chi2,MNAR,1.9980483714925318e-58,0.4687877266488015
16,16,0.4,chi2,MCAR,3.1799775172898456e-31,0.38531436002366054
16,16,0.4,chi2,MAR,9.150374173249882e-50,0.37383819766144416
16,16,0.4,chi2,MNAR,1.9980483714925318e-58,0.4687877266488015
17,17,0.0,chi2,MCAR,3.9995328473264023e-115,0.43258939806659624
17,17,0.0,chi2,MAR,3.9995328473264023e-115,0.43258939806659624
17,17,0.0,chi2,MNAR,3.9995328473264023e-115,0.43258939806659624
17,17,0.1,chi2,MCAR,1.273088703138908e-92,0.4286097539252562
17,17,0.1,chi2,MAR,5.387699843146478e-103,0.43143521415909225
17,17,0.1,chi2,MNAR,3.9995328473264023e-115,0.43258939806659624
17,17,0.2,chi2,MCAR,6.042368461597497e-73,0.43515661110125226
17,17,0.2,chi2,MAR,6.867472693494892e-101,0.45187952183643754
17,17,0.2,chi2,MNAR,3.9995328473264023e-115,0.43258939806659624
17,17,0.3,chi2,MCAR,5.7810005321020394e-61,0.45946720730695517
17,17,0.3,chi2,MAR,6.099435982210195e-79,0.4372250254061719
17,17,0.3,chi2,MNAR,9.197422868651454e-68,0.49833797024527593
17,17,0.4,chi2,MCAR,7.016192116846914e-48,0.4875120865006566
17,17,0.4,chi2,MAR,1.0996592186457615e-71,0.44949363705567
17,17,0.4,chi2,MNAR,9.197422868651454e-68,0.49833797024527593
18,18,0.0,chi2,MCAR,2.68798889391666e-91,0.3873548667948256
18,18,0.0,chi2,MAR,2.68798889391666e-91,0.3873548667948256
18,18,0.0,chi2,MNAR,2.68798889391666e-91,0.3873548667948256
18,18,0.1,chi2,MCAR,1.5955786940004888e-76,0.39740776990650745
18,18,0.1,chi2,MAR,6.462894143397548e-75,0.3743824516426666
18,18,0.1,chi2,MNAR,2.68798889391666e-91,0.3873548667948256
18,18,0.2,chi2,MCAR,1.4971403203301146e-58,0.3979268112020613
18,18,0.2,chi2,MAR,2.33928874569542e-69,0.3823159172739386
18,18,0.2,chi2,MNAR,2.68798889391666e-91,0.3873548667948256
18,18,0.3,chi2,MCAR,3.551024532473687e-45,0.4110442869937453
18,18,0.3,chi2,MAR,3.2301348746002983e-55,0.369579707524817
18,18,0.3,chi2,MNAR,3.9553985083305247e-54,0.44690419951215193
18,18,0.4,chi2,MCAR,4.237025633908053e-29,0.38155583674539406
18,18,0.4,chi2,MAR,1.185230888971782e-45,0.3647015679262422
18,18,0.4,chi2,MNAR,3.9553985083305247e-54,0.44690419951215193
19,19,0.0,chi2,MCAR,5.9528794365151016e-92,0.3886702259216312
19,19,0.0,chi2,MAR,5.9528794365151016e-92,0.3886702259216312
19,19,0.0,chi2,MNAR,5.9528794365151016e-92,0.3886702259216312
19,19,0.1,chi2,MCAR,4.055900705848796e-72,0.3855149530048786
19,19,0.1,chi2,MAR,1.1017249909813565e-83,0.3915965515385343
19,19,0.1,chi2,MNAR,5.9528794365151016e-92,0.3886702259216312
19,19,0.2,chi2,MCAR,7.847189291383297e-50,0.3666084939687972
19,19,0.2,chi2,MAR,2.702426350737569e-75,0.3958689471044293
19,19,0.2,chi2,MNAR,5.9528794365151016e-92,0.3886702259216312
19,19,0.3,chi2,MCAR,5.035988807912995e-41,0.3818172826369207
19,19,0.3,chi2,MAR,4.7234678615445925e-61,0.3803951169442815
19,19,0.3,chi2,MNAR,6.515349838090848e-46,0.41645364954392605
19,19,0.4,chi2,MCAR,9.246024893256758e-32,0.3909047542293124
19,19,0.4,chi2,MAR,4.54806440796692e-47,0.361391028451405
19,19,0.4,chi2,MNAR,6.515349838090848e-46,0.41645364954392605
20,20,0.0,chi2,MCAR,1.9577677799729375e-94,0.3936175885559121
20,20,0.0,chi2,MAR,1.9577677799729375e-94,0.3936175885559121
20,20,0.0,chi2,MNAR,1.9577677799729375e-94,0.3936175885559121
20,20,0.1,chi2,MCAR,1.1043816740274687e-72,0.3905741225021661
20,20,0.1,chi2,MAR,1.9830948640498765e-83,0.39344039847492995
20,20,0.1,chi2,MNAR,1.9577677799729375e-94,0.3936175885559121
20,20,0.2,chi2,MCAR,1.242061140987398e-50,0.3707870978770875
20,20,0.2,chi2,MAR,3.1873085239864754e-71,0.39183907175578264
20,20,0.2,chi2,MNAR,1.9577677799729375e-94,0.3936175885559121
20,20,0.3,chi2,MCAR,1.0681664307141612e-36,0.37418462527265184
20,20,0.3,chi2,MAR,7.303174494744796e-59,0.38018184203510524
20,20,0.3,chi2,MNAR,5.908814549046108e-59,0.4635356446681844
20,20,0.4,chi2,MCAR,5.044589880163294e-31,0.40060175028793543
20,20,0.4,chi2,MAR,3.768465090447598e-55,0.399696897501647
20,20,0.4,chi2,MNAR,5.908814549046108e-59,0.4635356446681844
21,21,0.0,chi2,MCAR,9.076747432950956e-103,0.40977389896438743
21,21,0.0,chi2,MAR,9.076747432950956e-103,0.40977389896438743
21,21,0.0,chi2,MNAR,9.076747432950956e-103,0.40977389896438743
21,21,0.1,chi2,MCAR,3.212882145130347e-82,0.41110074922797574
21,21,0.1,chi2,MAR,1.207881208876269e-96,0.4160416437723833
21,21,0.1,chi2,MNAR,9.076747432950956e-103,0.40977389896438743
21,21,0.2,chi2,MCAR,7.032814190891707e-62,0.3991494263282242
21,21,0.2,chi2,MAR,1.436997813549509e-83,0.41248438643985236
21,21,0.2,chi2,MNAR,9.076747432950956e-103,0.40977389896438743
21,21,0.3,chi2,MCAR,1.313606685535008e-52,0.4217124233030421
21,21,0.3,chi2,MAR,5.431725953843794e-67,0.4015363074932204
21,21,0.3,chi2,MNAR,2.740149579400876e-70,0.5011941017032061
21,21,0.4,chi2,MCAR,4.622309275254115e-41,0.4398674051752397
21,21,0.4,chi2,MAR,9.23097497844956e-52,0.38581157809187167
21,21,0.4,chi2,MNAR,2.740149579400876e-70,0.5011941017032061
22,22,0.0,chi2,MCAR,5.569307709851199e-119,0.43946146315304685
22,22,0.0,chi2,MAR,5.569307709851199e-119,0.43946146315304685
22,22,0.0,chi2,MNAR,5.569307709851199e-119,0.43946146315304685
22,22,0.1,chi2,MCAR,2.176544205964311e-102,0.46168257595561696
22,22,0.1,chi2,MAR,2.724379454578761e-101,0.43040847569716945
22,22,0.1,chi2,MNAR,5.569307709851199e-119,0.43946146315304685
22,22,0.2,chi2,MCAR,4.6069271841881424e-76,0.45199664516438404
22,22,0.2,chi2,MAR,5.961145487662823e-86,0.4195601360908632
22,22,0.2,chi2,MNAR,5.569307709851199e-119,0.43946146315304685
22,22,0.3,chi2,MCAR,9.492784660560545e-60,0.4570568921831369
22,22,0.3,chi2,MAR,3.347627692988017e-73,0.41680452454923617
22,22,0.3,chi2,MNAR,4.835527800993434e-66,0.49206688714417407
22,22,0.4,chi2,MCAR,1.2983569636929981e-45,0.47130596243488126
22,22,0.4,chi2,MAR,3.292712653996637e-59,0.4099796466118894
22,22,0.4,chi2,MNAR,4.835527800993434e-66,0.49206688714417407
23,23,0.0,chi2,MCAR,5.726748111478841e-112,0.4268809403989122
23,23,0.0,chi2,MAR,5.726748111478841e-112,0.4268809403989122
23,23,0.0,chi2,MNAR,5.726748111478841e-112,0.4268809403989122
23,23,0.1,chi2,MCAR,6.7108617906132445e-96,0.43522272338180745
23,23,0.1,chi2,MAR,3.0913310598894363e-102,0.42756008817667035
23,23,0.1,chi2,MNAR,5.726748111478841e-112,0.4268809403989122
23,23,0.2,chi2,MCAR,7.988458089878289e-77,0.43877036950989484
23,23,0.2,chi2,MAR,3.645063187210905e-89,0.42586140451304566
23,23,0.2,chi2,MNAR,5.726748111478841e-112,0.4268809403989122
23,23,0.3,chi2,MCAR,1.4966380230135679e-64,0.45976692598348606
23,23,0.3,chi2,MAR,1.0732822215126871e-74,0.4219913586108031
23,23,0.3,chi2,MNAR,1.3195947170417988e-66,0.49723895459829076
23,23,0.4,chi2,MCAR,1.3385408010496773e-40,0.43291783673226125
23,23,0.4,chi2,MAR,1.9775283847164804e-60,0.40810243130805013
23,23,0.4,chi2,MNAR,1.3195947170417988e-66,0.49723895459829076
24,24,0.0,chi2,MCAR,2.615028458244274e-90,0.3853610084387362
24,24,0.0,chi2,MAR,2.615028458244274e-90,0.3853610084387362
24,24,0.0,chi2,MNAR,2.615028458244274e-90,0.3853610084387362
24,24,0.1,chi2,MCAR,1.8308562258882838e-77,0.40095030455074626
24,24,0.1,chi2,MAR,7.384963323483587e-82,0.38689048317664176
24,24,0.1,chi2,MNAR,2.615028458244274e-90,0.3853610084387362
24,24,0.2,chi2,MCAR,3.4511766830836223e-59,0.39583666543981755
24,24,0.2,chi2,MAR,5.381580086232379e-73,0.3911155840417543
24,24,0.2,chi2,MNAR,2.615028458244274e-90,0.3853610084387362
24,24,0.3,chi2,MCAR,1.9048049539486066e-38,0.37219710481168483
24,24,0.3,chi2,MAR,9.910129720021711e-60,0.3797543387880709
24,24,0.3,chi2,MNAR,1.3439262114427555e-49,0.43602806964649293
24,24,0.4,chi2,MCAR,1.2469054420861905e-24,0.3537205763062783
24,24,0.4,chi2,MAR,3.0528954353635908e-47,0.3689333206081023
24,24,0.4,chi2,MNAR,1.3439262114427555e-49,0.43602806964649293
25,25,0.0,chi2,MCAR,2.748107036466207e-97,0.399223771800334
25,25,0.0,chi2,MAR,2.748107036466207e-97,0.399223771800334
25,25,0.0,chi2,MNAR,2.748107036466207e-97,0.399223771800334
25,25,0.1,chi2,MCAR,2.42255509565153e-84,0.4132667641971094
25,25,0.1,chi2,MAR,1.998333770971302e-90,0.405330861023297
25,25,0.1,chi2,MNAR,2.748107036466207e-97,0.399223771800334
25,25,0.2,chi2,MCAR,1.0355930706808254e-66,0.4195846584519783
25,25,0.2,chi2,MAR,1.6392095123498383e-81,0.40590640926527877
25,25,0.2,chi2,MNAR,2.748107036466207e-97,0.399223771800334
25,25,0.3,chi2,MCAR,6.843000795132434e-44,0.39503803432249557
25,25,0.3,chi2,MAR,3.0183640597360933e-72,0.4110264740721297
25,25,0.3,chi2,MNAR,6.364667308331347e-55,0.45402991094477396
25,25,0.4,chi2,MCAR,2.705386027557549e-36,0.4198131365568011
25,25,0.4,chi2,MAR,9.199096042187942e-62,0.40698258911494545
25,25,0.4,chi2,MNAR,6.364667308331347e-55,0.45402991094477396
26,26,0.0,chi2,MCAR,4.5439488861896255e-119,0.439617651687122
26,26,0.0,chi2,MAR,4.5439488861896255e-119,0.439617651687122
26,26,0.0,chi2,MNAR,4.5439488861896255e-119,0.439617651687122
26,26,0.1,chi2,MCAR,2.8998978146825347e-100,0.45194415082719214
26,26,0.1,chi2,MAR,2.7435374641453254e-107,0.4399163837488094
26,26,0.1,chi2,MNAR,4.5439488861896255e-119,0.439617651687122
26,26,0.2,chi2,MCAR,6.833693736641906e-81,0.45760001776247305
26,26,0.2,chi2,MAR,9.691557801741113e-87,0.42033577587518434
26,26,0.2,chi2,MNAR,4.5439488861896255e-119,0.439617651687122
26,26,0.3,chi2,MCAR,2.4580396752902428e-61,0.4612461794228817
26,26,0.3,chi2,MAR,1.0751338974638645e-73,0.4181233117799692
26,26,0.3,chi2,MNAR,1.5108928288915583e-80,0.5315759747926344
26,26,0.4,chi2,MCAR,4.634998672919047e-42,0.45602617945774593
26,26,0.4,chi2,MAR,3.27137506357221e-45,0.3624633422852547
26,26,0.4,chi2,MNAR,1.5108928288915583e-80,0.5315759747926344
27,27,0.0,chi2,MCAR,1.794809734303921e-98,0.40152887922860403
27,27,0.0,chi2,MAR,1.794809734303921e-98,0.40152887922860403
27,27,0.0,chi2,MNAR,1.794809734303921e-98,0.40152887922860403
27,27,0.1,chi2,MCAR,7.719418200661815e-83,0.40926572462040167
27,27,0.1,chi2,MAR,6.929014842873629e-88,0.4023469803307216
27,27,0.1,chi2,MNAR,1.794809734303921e-98,0.40152887922860403
27,27,0.2,chi2,MCAR,8.862269176909353e-62,0.39945906784652635
27,27,0.2,chi2,MAR,1.9736865533225443e-78,0.40305133029421353
27,27,0.2,chi2,MNAR,1.794809734303921e-98,0.40152887922860403
27,27,0.3,chi2,MCAR,2.6203101795906686e-50,0.4062680404584032
27,27,0.3,chi2,MAR,1.0383760190831395e-65,0.39286558727983123
27,27,0.3,chi2,MNAR,1.2977266150823158e-55,0.4528837876752506
27,27,0.4,chi2,MCAR,1.2730467701726828e-36,0.40503589702442166
27,27,0.4,chi2,MAR,7.397954994489106e-58,0.3995850031117012
27,27,0.4,chi2,MNAR,1.2977266150823158e-55,0.4528837876752506
28,28,0.0,chi2,MCAR,3.23144218955745e-94,0.3931865107036299
28,28,0.0,chi2,MAR,3.23144218955745e-94,0.3931865107036299
28,28,0.0,chi2,MNAR,3.23144218955745e-94,0.3931865107036299
28,28,0.1,chi2,MCAR,6.689057028917806e-76,0.3944127210345736
28,28,0.1,chi2,MAR,9.30174096416802e-83,0.3882504861773868
28,28,0.1,chi2,MNAR,3.23144218955745e-94,0.3931865107036299
28,28,0.2,chi2,MCAR,4.918605415472804e-52,0.3743148389647369
28,28,0.2,chi2,MAR,6.964136318198694e-76,0.3943698806269398
28,28,0.2,chi2,MNAR,3.23144218955745e-94,0.3931865107036299
28,28,0.3,chi2,MCAR,6.026061562443518e-38,0.3625676726878734
28,28,0.3,chi2,MAR,6.363183170872111e-72,0.40702720294315703
28,28,0.3,chi2,MNAR,6.162926674388263e-59,0.46708864097137426
28,28,0.4,chi2,MCAR,1.3296024673275514e-29,0.38450239425259464
28,28,0.4,chi2,MAR,2.0904200587949495e-63,0.41399200923932444
28,28,0.4,chi2,MNAR,6.162926674388263e-59,0.46708864097137426
29,29,0.0,chi2,MCAR,6.485326389576266e-106,0.4157051034333195
29,29,0.0,chi2,MAR,6.485326389576266e-106,0.4157051034333195
29,29,0.0,chi2,MNAR,6.485326389576266e-106,0.4157051034333195
29,29,0.1,chi2,MCAR,1.697072538389808e-83,0.4115552606567674
29,29,0.1,chi2,MAR,7.735564510676582e-96,0.413710380738044
29,29,0.1,chi2,MNAR,6.485326389576266e-106,0.4157051034333195
29,29,0.2,chi2,MCAR,2.654033955420588e-65,0.40591948990176696
29,29,0.2,chi2,MAR,8.944753577609695e-81,0.4026950170720313
29,29,0.2,chi2,MNAR,6.485326389576266e-106,0.4157051034333195
29,29,0.3,chi2,MCAR,8.121173419960605e-48,0.4035014140464235
29,29,0.3,chi2,MAR,3.4007143072532037e-68,0.40173451389787845
29,29,0.3,chi2,MNAR,2.312906724308218e-65,0.479228431136322
29,29,0.4,chi2,MCAR,4.0613597211521896e-29,0.39048969249352244
29,29,0.4,chi2,MAR,3.419571158378794e-56,0.40215899088924867
29,29,0.4,chi2,MNAR,2.312906724308218e-65,0.479228431136322
30,30,0.0,chi2,MCAR,4.2072065483332215e-109,0.4216279957228114
30,30,0.0,chi2,MAR,4.2072065483332215e-109,0.4216279957228114
30,30,0.0,chi2,MNAR,4.2072065483332215e-109,0.4216279957228114
30,30,0.1,chi2,MCAR,1.3340588871349893e-93,0.43258832079538584
30,30,0.1,chi2,MAR,5.889247436488295e-101,0.42477065620186766
30,30,0.1,chi2,MNAR,4.2072065483332215e-109,0.4216279957228114
30,30,0.2,chi2,MCAR,5.933976477310809e-73,0.4278975943614499
30,30,0.2,chi2,MAR,2.1711352842977817e-86,0.41849794779482863
30,30,0.2,chi2,MNAR,4.2072065483332215e-109,0.4216279957228114
30,30,0.3,chi2,MCAR,4.139038942501269e-58,0.43732633458575154
30,30,0.3,chi2,MAR,6.604786461334483e-76,0.4154768515661331
30,30,0.3,chi2,MNAR,4.810498572855062e-66,0.4867960337688989
30,30,0.4,chi2,MCAR,2.992276448998857e-43,0.43983006910624056
30,30,0.4,chi2,MAR,1.1369863535204916e-64,0.4141803622852347
30,30,0.4,chi2,MNAR,4.810498572855062e-66,0.4867960337688989
31,31,0.0,chi2,MCAR,2.198409456858828e-89,0.383485435220675
31,31,0.0,chi2,MAR,2.198409456858828e-89,0.383485435220675
31,31,0.0,chi2,MNAR,2.198409456858828e-89,0.383485435220675
31,31,0.1,chi2,MCAR,7.110752176956716e-70,0.3793644849426608
31,31,0.1,chi2,MAR,1.1619334334791282e-79,0.3836540919984412
31,31,0.1,chi2,MNAR,2.198409456858828e-89,0.383485435220675
31,31,0.2,chi2,MCAR,8.523679592571144e-60,0.3916241856512101
31,31,0.2,chi2,MAR,4.0536932212947514e-69,0.3797845056773567
31,31,0.2,chi2,MNAR,2.198409456858828e-89,0.383485435220675
31,31,0.3,chi2,MCAR,1.3938759471373744e-47,0.4002074776441902
31,31,0.3,chi2,MAR,1.2896981708069673e-58,0.3750951807725228
31,31,0.3,chi2,MNAR,3.08313803195205e-56,0.4649165880850692
31,31,0.4,chi2,MCAR,3.1752402013589223e-31,0.3812618663361235
31,31,0.4,chi2,MAR,4.893402718159011e-52,0.3825837499574866
31,31,0.4,chi2,MNAR,3.08313803195205e-56,0.4649165880850692
32,32,0.0,chi2,MCAR,9.471531422812714e-111,0.42465580581688145
32,32,0.0,chi2,MAR,9.471531422812714e-111,0.42465580581688145
32,32,0.0,chi2,MNAR,9.471531422812714e-111,0.42465580581688145
32,32,0.1,chi2,MCAR,1.899225043620897e-82,0.4098594426399792
32,32,0.1,chi2,MAR,2.0184562319031876e-99,0.42354024888286185
32,32,0.1,chi2,MNAR,9.471531422812714e-111,0.42465580581688145
32,32,0.2,chi2,MCAR,1.7407758049585825e-64,0.40785837325048174
32,32,0.2,chi2,MAR,1.8924065855157213e-87,0.42353361869158745
32,32,0.2,chi2,MNAR,9.471531422812714e-111,0.42465580581688145
32,32,0.3,chi2,MCAR,3.8430420764797333e-47,0.40327769555310283
32,32,0.3,chi2,MAR,2.369808859593712e-75,0.4198349268685274
32,32,0.3,chi2,MNAR,1.7267296957280095e-64,0.4867169538128212
32,32,0.4,chi2,MCAR,3.0594347322256956e-36,0.4132830421162731
32,32,0.4,chi2,MAR,1.802265679053788e-66,0.42844273082017714
32,32,0.4,chi2,MNAR,1.7267296957280095e-64,0.4867169538128212
33,33,0.0,chi2,MCAR,2.005186270803096e-93,0.3916121310824302
33,33,0.0,chi2,MAR,2.005186270803096e-93,0.3916121310824302
33,33,0.0,chi2,MNAR,2.005186270803096e-93,0.3916121310824302
33,33,0.1,chi2,MCAR,5.917856362668989e-75,0.39626869768811585
33,33,0.1,chi2,MAR,2.1377025853348273e-76,0.37913173552684
33,33,0.1,chi2,MNAR,2.005186270803096e-93,0.3916121310824302
33,33,0.2,chi2,MCAR,2.5348261307396015e-68,0.42666645210085063
33,33,0.2,chi2,MAR,4.737986350675293e-66,0.379454691508967
33,33,0.2,chi2,MNAR,2.005186270803096e-93,0.3916121310824302
33,33,0.3,chi2,MCAR,2.443904512712102e-56,0.4470444773235895
33,33,0.3,chi2,MAR,1.893634787076792e-59,0.3856072387683646
33,33,0.3,chi2,MNAR,1.2790063962988187e-46,0.40681199383018274
33,33,0.4,chi2,MCAR,4.0968848087075755e-42,0.4576015887459992
33,33,0.4,chi2,MAR,1.4320507965681809e-49,0.38607829252019593
33,33,0.4,chi2,MNAR,1.2790063962988187e-46,0.40681199383018274
34,34,0.0,chi2,MCAR,1.0210693027643108e-78,0.3611199868813073
34,34,0.0,chi2,MAR,1.0210693027643108e-78,0.3611199868813073
34,34,0.0,chi2,MNAR,1.0210693027643108e-78,0.3611199868813073
34,34,0.1,chi2,MCAR,2.3460152966204026e-61,0.35630778856814344
34,34,0.1,chi2,MAR,2.097766547345323e-68,0.3541668775927783
34,34,0.1,chi2,MNAR,1.0210693027643108e-78,0.3611199868813073
34,34,0.2,chi2,MCAR,3.042226618850375e-47,0.3576934193225484
34,34,0.2,chi2,MAR,4.1399267008456575e-62,0.3628343003989195
34,34,0.2,chi2,MNAR,1.0210693027643108e-78,0.3611199868813073
34,34,0.3,chi2,MCAR,1.901391682126258e-28,0.3268710232418957
34,34,0.3,chi2,MAR,4.1607529992089525e-50,0.3517808825670945
34,34,0.3,chi2,MNAR,1.983709062048454e-45,0.41831875872638746
34,34,0.4,chi2,MCAR,2.0202917447853766e-17,0.31135628422467815
34,34,0.4,chi2,MAR,3.2269768937286044e-45,0.35797838992173114
34,34,0.4,chi2,MNAR,1.983709062048454e-45,0.41831875872638746
35,35,0.0,chi2,MCAR,6.749300533312904e-115,0.43218092702661753
35,35,0.0,chi2,MAR,6.749300533312904e-115,0.43218092702661753
35,35,0.0,chi2,MNAR,6.749300533312904e-115,0.43218092702661753
35,35,0.1,chi2,MCAR,1.2626960522139297e-97,0.4437659581959664
35,35,0.1,chi2,MAR,2.712898731674358e-103,0.4349257095298211
35,35,0.1,chi2,MNAR,6.749300533312904e-115,0.43218092702661753
35,35,0.2,chi2,MCAR,1.2675220892301296e-73,0.4387696042168823
35,35,0.2,chi2,MAR,8.418647823345242e-88,0.4264694100832246
35,35,0.2,chi2,MNAR,6.749300533312904e-115,0.43218092702661753
35,35,0.3,chi2,MCAR,6.163069883967197e-59,0.45134958055761365
35,35,0.3,chi2,MAR,2.1993483089259418e-73,0.4230655965133209
35,35,0.3,chi2,MNAR,2.2192067525775086e-73,0.5096174985550155
35,35,0.4,chi2,MCAR,2.997002393155257e-35,0.4219524167335272
35,35,0.4,chi2,MAR,3.158298314083019e-64,0.4328281900731884
35,35,0.4,chi2,MNAR,2.2192067525775086e-73,0.5096174985550155
36,36,0.0,chi2,MCAR,3.258656872186852e-90,0.3851676015466325
36,36,0.0,chi2,MAR,3.258656872186852e-90,0.3851676015466325
36,36,0.0,chi2,MNAR,3.258656872186852e-90,0.3851676015466325
36,36,0.1,chi2,MCAR,9.872628295614572e-74,0.3836573529681042
36,36,0.1,chi2,MAR,4.0317083215136932e-84,0.3908300233549811
36,36,0.1,chi2,MNAR,3.258656872186852e-90,0.3851676015466325
36,36,0.2,chi2,MCAR,1.8719064001981748e-54,0.37724631880894266
36,36,0.2,chi2,MAR,3.4868957049952513e-75,0.391207330656293
36,36,0.2,chi2,MNAR,3.258656872186852e-90,0.3851676015466325
36,36,0.3,chi2,MCAR,1.346877089320277e-46,0.40072149774736165
36,36,0.3,chi2,MAR,2.8687398563161836e-57,0.36870439651999687
36,36,0.3,chi2,MNAR,7.563240041452969e-56,0.4552461287246929
36,36,0.4,chi2,MCAR,1.8037373076795402e-37,0.427130165629343
36,36,0.4,chi2,MAR,7.429326145850406e-50,0.3801389970058749
36,36,0.4,chi2,MNAR,7.563240041452969e-56,0.4552461287246929
37,37,0.0,chi2,MCAR,4.047013139201779e-90,0.38497706419052596
37,37,0.0,chi2,MAR,4.047013139201779e-90,0.38497706419052596
37,37,0.0,chi2,MNAR,4.047013139201779e-90,0.38497706419052596
37,37,0.1,chi2,MCAR,3.452097315965616e-80,0.39937786953254173
37,37,0.1,chi2,MAR,2.0626416278358064e-82,0.38963674099178636
37,37,0.1,chi2,MNAR,4.047013139201779e-90,0.38497706419052596
37,37,0.2,chi2,MCAR,3.726722084185074e-61,0.39757129405056274
37,37,0.2,chi2,MAR,1.0440477638633872e-70,0.38314086601955116
37,37,0.2,chi2,MNAR,4.047013139201779e-90,0.38497706419052596
37,37,0.3,chi2,MCAR,3.534859628993866e-43,0.3912735052887962
37,37,0.3,chi2,MAR,2.6668702860078333e-62,0.38400644223888414
37,37,0.3,chi2,MNAR,3.840879832672035e-53,0.4415032939920287
37,37,0.4,chi2,MCAR,2.3275758994928358e-30,0.39107800980972973
37,37,0.4,chi2,MAR,4.6917165659708303e-45,0.3600654781097854
37,37,0.4,chi2,MNAR,3.840879832672035e-53,0.4415032939920287
38,38,0.0,chi2,MCAR,3.675031034391994e-110,0.4235762206010698
38,38,0.0,chi2,MAR,3.675031034391994e-110,0.4235762206010698
38,38,0.0,chi2,MNAR,3.675031034391994e-110,0.4235762206010698
38,38,0.1,chi2,MCAR,1.6762184005422933e-83,0.4123282939899686
38,38,0.1,chi2,MAR,1.4331675152747633e-95,0.41773622341637456
38,38,0.1,chi2,MNAR,3.675031034391994e-110,0.4235762206010698
38,38,0.2,chi2,MCAR,4.5046738874595665e-57,0.3916520571443479
38,38,0.2,chi2,MAR,1.90222560946988e-86,0.42360879763976306
38,38,0.2,chi2,MNAR,3.675031034391994e-110,0.4235762206010698
38,38,0.3,chi2,MCAR,9.027241783027445e-41,0.3938691663084474
38,38,0.3,chi2,MAR,2.3723436008142178e-73,0.4217414468851379
38,38,0.3,chi2,MNAR,4.200823971051074e-73,0.5193366109444563
38,38,0.4,chi2,MCAR,9.39887607695389e-32,0.40248585142619453
38,38,0.4,chi2,MAR,3.8575291413269134e-64,0.42702037265187404
38,38,0.4,chi2,MNAR,4.200823971051074e-73,0.5193366109444563
39,39,0.0,chi2,MCAR,4.598799814850104e-82,0.3682877019164371
39,39,0.0,chi2,MAR,4.598799814850104e-82,0.3682877019164371
39,39,0.0,chi2,MNAR,4.598799814850104e-82,0.3682877019164371
39,39,0.1,chi2,MCAR,6.379045813622129e-63,0.36783690378781253
39,39,0.1,chi2,MAR,1.2891755358136071e-71,0.3667404396228081
39,39,0.1,chi2,MNAR,4.598799814850104e-82,0.3682877019164371
39,39,0.2,chi2,MCAR,1.2158512300252104e-51,0.37241418738303705
39,39,0.2,chi2,MAR,2.563932607463904e-62,0.36571473305563246
39,39,0.2,chi2,MNAR,4.598799814850104e-82,0.3682877019164371
39,39,0.3,chi2,MCAR,4.984623209227332e-41,0.38183623863362376
39,39,0.3,chi2,MAR,1.6964358987904882e-60,0.3836717451995964
39,39,0.3,chi2,MNAR,5.558875789163185e-55,0.4507001285552673
39,39,0.4,chi2,MCAR,4.909798532042564e-27,0.3676665793652583
39,39,0.4,chi2,MAR,1.0281872664378492e-52,0.3887582682537415
39,39,0.4,chi2,MNAR,5.558875789163185e-55,0.4507001285552673
40,40,0.0,chi2,MCAR,1.908041011028014e-99,0.40341227031759136
40,40,0.0,chi2,MAR,1.908041011028014e-99,0.40341227031759136
40,40,0.0,chi2,MNAR,1.908041011028014e-99,0.40341227031759136
40,40,0.1,chi2,MCAR,4.2487911521924787e-75,0.3966266755114112
40,40,0.1,chi2,MAR,6.242414287062955e-83,0.39343517367313646
40,40,0.1,chi2,MNAR,1.908041011028014e-99,0.40341227031759136
40,40,0.2,chi2,MCAR,1.687078930775266e-60,0.4069896359571381
40,40,0.2,chi2,MAR,1.5149086285715016e-70,0.3866001663401313
40,40,0.2,chi2,MNAR,1.908041011028014e-99,0.40341227031759136
40,40,0.3,chi2,MCAR,2.0085745971455872e-47,0.41451931564853767
40,40,0.3,chi2,MAR,4.646554400949233e-62,0.39196406742654905
40,40,0.3,chi2,MNAR,1.1510587470985412e-65,0.4895409547632033
40,40,0.4,chi2,MCAR,4.5118401581897e-28,0.38698525980286025
40,40,0.4,chi2,MAR,5.53275983614976e-54,0.3897976426421046
40,40,0.4,chi2,MNAR,1.1510587470985412e-65,0.4895409547632033
41,41,0.0,chi2,MCAR,1.2792849106485965e-104,0.4132741428351939
41,41,0.0,chi2,MAR,1.2792849106485965e-104,0.4132741428351939
41,41,0.0,chi2,MNAR,1.2792849106485965e-104,0.4132741428351939
41,41,0.1,chi2,MCAR,2.647810079677657e-87,0.4187890909826167
41,41,0.1,chi2,MAR,4.728158152746812e-93,0.4106466425479182
41,41,0.1,chi2,MNAR,1.2792849106485965e-104,0.4132741428351939
41,41,0.2,chi2,MCAR,1.603920519320101e-69,0.423789080228096
41,41,0.2,chi2,MAR,2.998092206311139e-83,0.41275750165610725
41,41,0.2,chi2,MNAR,1.2792849106485965e-104,0.4132741428351939
41,41,0.3,chi2,MCAR,1.2293309530260116e-52,0.43091042009514385
41,41,0.3,chi2,MAR,1.042209240967567e-70,0.40861669485038876
41,41,0.3,chi2,MNAR,5.795609089135999e-68,0.49408635008555724
41,41,0.4,chi2,MCAR,1.5587168011219264e-37,0.4204890947896319
41,41,0.4,chi2,MAR,1.6880110898397645e-65,0.4247985396876919
41,41,0.4,chi2,MNAR,5.795609089135999e-68,0.49408635008555724
42,42,0.0,chi2,MCAR,3.15456204348923e-113,0.4291675257686081
42,42,0.0,chi2,MAR,3.15456204348923e-113,0.4291675257686081
42,42,0.0,chi2,MNAR,3.15456204348923e-113,0.4291675257686081
42,42,0.1,chi2,MCAR,3.975825813986349e-92,0.42907958742470914
42,42,0.1,chi2,MAR,6.929333725706248e-104,0.43320887737309527
42,42,0.1,chi2,MNAR,3.15456204348923e-113,0.4291675257686081
42,42,0.2,chi2,MCAR,8.937052123166825e-68,0.41973887608080723
42,42,0.2,chi2,MAR,2.012456309119511e-86,0.4203872249399392
42,42,0.2,chi2,MNAR,3.15456204348923e-113,0.4291675257686081
42,42,0.3,chi2,MCAR,3.556938316972268e-53,0.42465957247025354
42,42,0.3,chi2,MAR,5.0205084357804844e-76,0.4282868978369352
42,42,0.3,chi2,MNAR,1.4656910025712755e-72,0.5215433282128474
42,42,0.4,chi2,MCAR,3.4826845085031185e-44,0.45305529911382086
42,42,0.4,chi2,MAR,8.456460703030725e-61,0.4161300995990414
42,42,0.4,chi2,MNAR,1.4656910025712755e-72,0.5215433282128474
43,43,0.0,chi2,MCAR,3.479479264614441e-105,0.41433737850736396
43,43,0.0,chi2,MAR,3.479479264614441e-105,0.41433737850736396
43,43,0.0,chi2,MNAR,3.479479264614441e-105,0.41433737850736396
43,43,0.1,chi2,MCAR,1.4915634332785786e-75,0.39576416822212657
43,43,0.1,chi2,MAR,3.061387239515039e-98,0.4223052694556944
43,43,0.1,chi2,MNAR,3.479479264614441e-105,0.41433737850736396
43,43,0.2,chi2,MCAR,4.375910390154269e-59,0.3936655794719474
43,43,0.2,chi2,MAR,3.5443813832538036e-80,0.40776967032845085
43,43,0.2,chi2,MNAR,3.479479264614441e-105,0.41433737850736396
43,43,0.3,chi2,MCAR,1.4347508220319747e-43,0.38621464393748317
43,43,0.3,chi2,MAR,1.2445827239992934e-68,0.404661735596184
43,43,0.3,chi2,MNAR,8.179381999475471e-64,0.48957713988266777
43,43,0.4,chi2,MCAR,3.1415859860928557e-27,0.3663132907982412
43,43,0.4,chi2,MAR,1.7109488284993153e-57,0.40508664470941225
43,43,0.4,chi2,MNAR,8.179381999475471e-64,0.48957713988266777
44,44,0.0,chi2,MCAR,1.2583929129627665e-104,0.4132876066137848
44,44,0.0,chi2,MAR,1.2583929129627665e-104,0.4132876066137848
44,44,0.0,chi2,MNAR,1.2583929129627665e-104,0.4132876066137848
44,44,0.1,chi2,MCAR,7.745305732429436e-86,0.41800121123478623
44,44,0.1,chi2,MAR,3.0191823471100074e-88,0.4031285936571218
44,44,0.1,chi2,MNAR,1.2583929129627665e-104,0.4132876066137848
44,44,0.2,chi2,MCAR,2.730830308181122e-72,0.4329772656387932
44,44,0.2,chi2,MAR,2.7894076866387917e-76,0.40521685742130803
44,44,0.2,chi2,MNAR,1.2583929129627665e-104,0.4132876066137848
44,44,0.3,chi2,MCAR,6.43456102200343e-51,0.4243370881518453
44,44,0.3,chi2,MAR,1.024924139228619e-60,0.3908691075715357
44,44,0.3,chi2,MNAR,2.589406219968093e-63,0.47971649045943393
44,44,0.4,chi2,MCAR,2.871490407257242e-39,0.4333451408989648
44,44,0.4,chi2,MAR,1.8580137215457904e-56,0.4079248363131753
44,44,0.4,chi2,MNAR,2.589406219968093e-63,0.47971649045943393
45,45,0.0,chi2,MCAR,1.559792676041365e-95,0.39578642787942064
45,45,0.0,chi2,MAR,1.559792676041365e-95,0.39578642787942064
45,45,0.0,chi2,MNAR,1.559792676041365e-95,0.39578642787942064
45,45,0.1,chi2,MCAR,2.3988926886568795e-72,0.3907086204891109
45,45,0.1,chi2,MAR,1.3170023986985472e-81,0.3908960445718009
45,45,0.1,chi2,MNAR,1.559792676041365e-95,0.39578642787942064
45,45,0.2,chi2,MCAR,2.932280231725549e-58,0.39892413637892205
45,45,0.2,chi2,MAR,4.033706037502068e-76,0.39691491028712395
45,45,0.2,chi2,MNAR,1.559792676041365e-95,0.39578642787942064
45,45,0.3,chi2,MCAR,1.3803591508456899e-42,0.3941016036727271
45,45,0.3,chi2,MAR,1.014413126702174e-66,0.39596025968911563
45,45,0.3,chi2,MNAR,1.1821983426666534e-54,0.4418364609481208
45,45,0.4,chi2,MCAR,1.6455126056366516e-35,0.4094790003660075
45,45,0.4,chi2,MAR,8.736210383515418e-59,0.4052132645580989
45,45,0.4,chi2,MNAR,1.1821983426666534e-54,0.4418364609481208
46,46,0.0,chi2,MCAR,4.7960711412058195e-98,0.4007001042000037
46,46,0.0,chi2,MAR,4.7960711412058195e-98,0.4007001042000037
46,46,0.0,chi2,MNAR,4.7960711412058195e-98,0.4007001042000037
46,46,0.1,chi2,MCAR,4.623113601437251e-81,0.4114373455455624
46,46,0.1,chi2,MAR,2.648550871046295e-88,0.4059856213347546
46,46,0.1,chi2,MNAR,4.7960711412058195e-98,0.4007001042000037
46,46,0.2,chi2,MCAR,2.8748427490030707e-70,0.44047887495387344
46,46,0.2,chi2,MAR,1.1051903475383647e-71,0.38951458073057765
46,46,0.2,chi2,MNAR,4.7960711412058195e-98,0.4007001042000037
46,46,0.3,chi2,MCAR,3.652718264216409e-51,0.4426114117406397
46,46,0.3,chi2,MAR,1.0243825753427232e-60,0.3807593822819828
46,46,0.3,chi2,MNAR,2.2377900601227847e-52,0.44427115406770173
46,46,0.4,chi2,MCAR,1.4441586992567597e-39,0.45531999277688123
46,46,0.4,chi2,MAR,2.466497233212104e-50,0.37799141091476013
46,46,0.4,chi2,MNAR,2.2377900601227847e-52,0.44427115406770173
47,47,0.0,chi2,MCAR,1.8195748052920758e-82,0.36914048786819087
47,47,0.0,chi2,MAR,1.8195748052920758e-82,0.36914048786819087
47,47,0.0,chi2,MNAR,1.8195748052920758e-82,0.36914048786819087
47,47,0.1,chi2,MCAR,2.7558756351698113e-64,0.36596422923111066
47,47,0.1,chi2,MAR,1.0835332731500191e-73,0.3679846736563909
47,47,0.1,chi2,MNAR,1.8195748052920758e-82,0.36914048786819087
47,47,0.2,chi2,MCAR,6.909121295527659e-57,0.3838049419312539
47,47,0.2,chi2,MAR,9.150641732003732e-65,0.36364074346543435
47,47,0.2,chi2,MNAR,1.8195748052920758e-82,0.36914048786819087
47,47,0.3,chi2,MCAR,4.040662881278197e-47,0.3937957811881752
47,47,0.3,chi2,MAR,1.5714039534597625e-60,0.37597289747590107
47,47,0.3,chi2,MNAR,8.857762222522545e-50,0.4340041814209307
47,47,0.4,chi2,MCAR,1.3502423995409226e-35,0.3938462145451285
47,47,0.4,chi2,MAR,3.115382678267335e-49,0.368964455626664
47,47,0.4,chi2,MNAR,8.857762222522545e-50,0.4340041814209307
48,48,0.0,chi2,MCAR,5.184237316779482e-94,0.392779441664631
48,48,0.0,chi2,MAR,5.184237316779482e-94,0.392779441664631
48,48,0.0,chi2,MNAR,5.184237316779482e-94,0.392779441664631
48,48,0.1,chi2,MCAR,7.031911798863786e-77,0.3963106803310224
48,48,0.1,chi2,MAR,2.2560549755285235e-75,0.3760919825372121
48,48,0.1,chi2,MNAR,5.184237316779482e-94,0.392779441664631
48,48,0.2,chi2,MCAR,2.2661781175098146e-53,0.3799443507030464
48,48,0.2,chi2,MAR,7.842252666959016e-60,0.35792110951442035
48,48,0.2,chi2,MNAR,5.184237316779482e-94,0.392779441664631
48,48,0.3,chi2,MCAR,6.489643756686558e-39,0.3826478073102952
48,48,0.3,chi2,MAR,2.7372246390634937e-52,0.35983118747694204
48,48,0.3,chi2,MNAR,1.346749834444228e-50,0.44139296966914987
48,48,0.4,chi2,MCAR,3.3190601435364456e-29,0.3887495809951385
48,48,0.4,chi2,MAR,1.1464764476152727e-38,0.33914002977834135
48,48,0.4,chi2,MNAR,1.346749834444228e-50,0.44139296966914987
49,49,0.0,chi2,MCAR,3.576784832589559e-101,0.4067317727628567
49,49,0.0,chi2,MAR,3.576784832589559e-101,0.4067317727628567
49,49,0.0,chi2,MNAR,3.576784832589559e-101,0.4067317727628567
49,49,0.1,chi2,MCAR,5.765204159922474e-78,0.4019213878464342
49,49,0.1,chi2,MAR,2.7585212490813e-93,0.41458286978064296
49,49,0.1,chi2,MNAR,3.576784832589559e-101,0.4067317727628567
49,49,0.2,chi2,MCAR,1.0249798463991404e-56,0.3908212965125768
49,49,0.2,chi2,MAR,7.749397541289854e-83,0.41410529725110995
49,49,0.2,chi2,MNAR,3.576784832589559e-101,0.4067317727628567
49,49,0.3,chi2,MCAR,1.9840224007781675e-42,0.38695596187841075
49,49,0.3,chi2,MAR,9.671460022628463e-66,0.40061035442962534
49,49,0.3,chi2,MNAR,1.4980650861831077e-55,0.44504952280939725
49,49,0.4,chi2,MCAR,1.770691554965603e-25,0.36314460993521624
49,49,0.4,chi2,MAR,1.4488590232282029e-55,0.39670803053595755
49,49,0.4,chi2,MNAR,1.4980650861831077e-55,0.44504952280939725
50,50,0.0,chi2,MCAR,1.7108067680023889e-93,0.3917493288276506
50,50,0.0,chi2,MAR,1.7108067680023889e-93,0.3917493288276506
50,50,0.0,chi2,MNAR,1.7108067680023889e-93,0.3917493288276506
50,50,0.1,chi2,MCAR,9.606727441207448e-76,0.40439534001080946
50,50,0.1,chi2,MAR,1.0107860662628148e-80,0.3873557739793931
50,50,0.1,chi2,MNAR,1.7108067680023889e-93,0.3917493288276506
50,50,0.2,chi2,MCAR,3.0878212894111302e-62,0.415798251454887
50,50,0.2,chi2,MAR,1.0142786302399475e-69,0.3844690090116724
50,50,0.2,chi2,MNAR,1.7108067680023889e-93,0.3917493288276506
50,50,0.3,chi2,MCAR,5.262953897654515e-47,0.417715769497981
50,50,0.3,chi2,MAR,1.1104364227520931e-61,0.38884721883622947
50,50,0.3,chi2,MNAR,8.065891343173458e-57,0.4559094593696053
50,50,0.4,chi2,MCAR,2.3442893607858783e-39,0.4442874493016081
50,50,0.4,chi2,MAR,5.073706035689901e-53,0.3894768860034071
50,50,0.4,chi2,MNAR,8.065891343173458e-57,0.4559094593696053
51,51,0.0,chi2,MCAR,6.410812906360888e-92,0.3886056682679753
51,51,0.0,chi2,MAR,6.410812906360888e-92,0.3886056682679753
51,51,0.0,chi2,MNAR,6.410812906360888e-92,0.3886056682679753
51,51,0.1,chi2,MCAR,7.069583217203808e-70,0.38149625535490356
51,51,0.1,chi2,MAR,5.104764509824046e-84,0.39564221775846875
51,51,0.1,chi2,MNAR,6.410812906360888e-92,0.3886056682679753
51,51,0.2,chi2,MCAR,8.265432524098044e-60,0.4002875692813598
51,51,0.2,chi2,MAR,1.693267619074644e-76,0.40263773763080885
51,51,0.2,chi2,MNAR,6.410812906360888e-92,0.3886056682679753
51,51,0.3,chi2,MCAR,1.8863267253709817e-48,0.4108916578811182
51,51,0.3,chi2,MAR,2.101501616891483e-59,0.3820841322991949
51,51,0.3,chi2,MNAR,5.3993642400178514e-55,0.4511041766978997
51,51,0.4,chi2,MCAR,4.7790232584460337e-33,0.4127815132835698
51,51,0.4,chi2,MAR,1.5549961314418535e-49,0.3845977103126954
51,51,0.4,chi2,MNAR,5.3993642400178514e-55,0.4511041766978997
52,52,0.0,chi2,MCAR,1.2683339032760831e-99,0.40375444110050146
52,52,0.0,chi2,MAR,1.2683339032760831e-99,0.40375444110050146
52,52,0.0,chi2,MNAR,1.2683339032760831e-99,0.40375444110050146
52,52,0.1,chi2,MCAR,6.001909345765394e-82,0.41434238837753035
52,52,0.1,chi2,MAR,1.1600088798695555e-93,0.4163113636805727
52,52,0.1,chi2,MNAR,1.2683339032760831e-99,0.40375444110050146
52,52,0.2,chi2,MCAR,6.91000504692344e-72,0.4376741985707936
52,52,0.2,chi2,MAR,1.4317722657050498e-79,0.40836342083766275
52,52,0.2,chi2,MNAR,1.2683339032760831e-99,0.40375444110050146
52,52,0.3,chi2,MCAR,3.246616182270597e-47,0.4119399729345576
52,52,0.3,chi2,MAR,1.2611284987532374e-73,0.4231001072639233
52,52,0.3,chi2,MNAR,3.192303034516028e-64,0.48309396452941694
52,52,0.4,chi2,MCAR,6.132848999598423e-36,0.41507620530969075
52,52,0.4,chi2,MAR,2.43539382891373e-64,0.43057088971488955
52,52,0.4,chi2,MNAR,3.192303034516028e-64,0.48309396452941694
53,53,0.0,chi2,MCAR,2.5435042133864236e-102,0.40892303154302717
53,53,0.0,chi2,MAR,2.5435042133864236e-102,0.40892303154302717
53,53,0.0,chi2,MNAR,2.5435042133864236e-102,0.40892303154302717
53,53,0.1,chi2,MCAR,1.1926028285508726e-75,0.3987511899528803
53,53,0.1,chi2,MAR,6.51484828419113e-89,0.4029926813662519
53,53,0.1,chi2,MNAR,2.5435042133864236e-102,0.40892303154302717
53,53,0.2,chi2,MCAR,9.384239030518517e-53,0.38063882002705385
53,53,0.2,chi2,MAR,1.1123821342891871e-77,0.40401415477037517
53,53,0.2,chi2,MNAR,2.5435042133864236e-102,0.40892303154302717
53,53,0.3,chi2,MCAR,6.954457636661467e-35,0.36448463285674526
53,53,0.3,chi2,MAR,1.3459234234426804e-68,0.40719384785281354
53,53,0.3,chi2,MNAR,4.6059849060553477e-51,0.4342847788981166
53,53,0.4,chi2,MCAR,5.919552717915989e-30,0.38654518375008634
53,53,0.4,chi2,MAR,7.973892928407049e-53,0.39313346356296636
53,53,0.4,chi2,MNAR,4.6059849060553477e-51,0.4342847788981166
54,54,0.0,chi2,MCAR,5.879619679297371e-94,0.3926709737245248
54,54,0.0,chi2,MAR,5.879619679297371e-94,0.3926709737245248
54,54,0.0,chi2,MNAR,5.879619679297371e-94,0.3926709737245248
54,54,0.1,chi2,MCAR,6.537042201323416e-77,0.3976137324822882
54,54,0.1,chi2,MAR,5.4090047925920664e-83,0.3915886089039752
54,54,0.1,chi2,MNAR,5.879619679297371e-94,0.3926709737245248
54,54,0.2,chi2,MCAR,5.710384319460085e-63,0.40744232541510833
54,54,0.2,chi2,MAR,2.555580022872705e-70,0.38286605646199723
54,54,0.2,chi2,MNAR,5.879619679297371e-94,0.3926709737245248
54,54,0.3,chi2,MCAR,1.1832893337036997e-52,0.43008194169474295
54,54,0.3,chi2,MAR,8.981505765045242e-60,0.38318913108791536
54,54,0.3,chi2,MNAR,4.1580772948486115e-63,0.4857428954899824
54,54,0.4,chi2,MCAR,2.1746811913526077e-36,0.42625647137216843
54,54,0.4,chi2,MAR,6.914366016422921e-51,0.3783336037055946
54,54,0.4,chi2,MNAR,4.1580772948486115e-63,0.4857428954899824
55,55,0.0,chi2,MCAR,1.4408131615914866e-111,0.42615053501036565
55,55,0.0,chi2,MAR,1.4408131615914866e-111,0.42615053501036565
55,55,0.0,chi2,MNAR,1.4408131615914866e-111,0.42615053501036565
55,55,0.1,chi2,MCAR,4.7406410964590856e-89,0.427190058810714
55,55,0.1,chi2,MAR,4.0903953702895555e-94,0.41726560821933784
55,55,0.1,chi2,MNAR,1.4408131615914866e-111,0.42615053501036565
55,55,0.2,chi2,MCAR,2.737203846622415e-76,0.44478149657149896
55,55,0.2,chi2,MAR,3.331187970037427e-82,0.4113195210068919
55,55,0.2,chi2,MNAR,1.4408131615914866e-111,0.42615053501036565
55,55,0.3,chi2,MCAR,3.8667491100880794e-56,0.44034854156228265
55,55,0.3,chi2,MAR,1.6530069485057806e-69,0.4109124196530733
55,55,0.3,chi2,MNAR,3.720790097182685e-70,0.50811702629367
55,55,0.4,chi2,MCAR,3.103730795279211e-41,0.4348456024728568
55,55,0.4,chi2,MAR,5.872442504551341e-62,0.41699914059358556
55,55,0.4,chi2,MNAR,3.720790097182685e-70,0.50811702629367
56,56,0.0,chi2,MCAR,1.2443021037924285e-102,0.4095136126475903
56,56,0.0,chi2,MAR,1.2443021037924285e-102,0.4095136126475903
56,56,0.0,chi2,MNAR,1.2443021037924285e-102,0.4095136126475903
56,56,0.1,chi2,MCAR,9.313532802576413e-80,0.3976469155572765
56,56,0.1,chi2,MAR,2.8966821515261183e-91,0.40421682575751927
56,56,0.1,chi2,MNAR,1.2443021037924285e-102,0.4095136126475903
56,56,0.2,chi2,MCAR,5.525896519165868e-67,0.4135936828401498
56,56,0.2,chi2,MAR,1.6563090399288075e-76,0.39419395942621155
56,56,0.2,chi2,MNAR,1.2443021037924285e-102,0.4095136126475903
56,56,0.3,chi2,MCAR,1.298238261000962e-51,0.421790197992223
56,56,0.3,chi2,MAR,1.1813438404427334e-63,0.3878829131336315
56,56,0.3,chi2,MNAR,9.057247736132851e-65,0.48890215811780513
56,56,0.4,chi2,MCAR,6.260703215721482e-34,0.41294332917081106
56,56,0.4,chi2,MAR,3.241833482651565e-58,0.3997566077710349
56,56,0.4,chi2,MNAR,9.057247736132851e-65,0.48890215811780513
57,57,0.0,chi2,MCAR,6.38233697043731e-98,0.400458840683992
57,57,0.0,chi2,MAR,6.38233697043731e-98,0.400458840683992
57,57,0.0,chi2,MNAR,6.38233697043731e-98,0.400458840683992
57,57,0.1,chi2,MCAR,8.859560421423615e-77,0.39582319214702777
57,57,0.1,chi2,MAR,1.9181445669408304e-87,0.3980612663185456
57,57,0.1,chi2,MNAR,6.38233697043731e-98,0.400458840683992
57,57,0.2,chi2,MCAR,4.1189161437083915e-59,0.3916212547293808
57,57,0.2,chi2,MAR,1.1745675930549736e-75,0.3938137900953293
57,57,0.2,chi2,MNAR,6.38233697043731e-98,0.400458840683992
57,57,0.3,chi2,MCAR,1.0688270807988886e-41,0.3899004038221839
57,57,0.3,chi2,MAR,4.747522440159429e-69,0.4043759309692279
57,57,0.3,chi2,MNAR,6.773541479776741e-69,0.497412330357153
57,57,0.4,chi2,MCAR,1.6115480986497589e-28,0.37812832902578136
57,57,0.4,chi2,MAR,2.2168766166551915e-58,0.3983455263321287
57,57,0.4,chi2,MNAR,6.773541479776741e-69,0.497412330357153
58,58,0.0,chi2,MCAR,8.215746755380923e-86,0.37614796802502787
58,58,0.0,chi2,MAR,8.215746755380923e-86,0.37614796802502787
58,58,0.0,chi2,MNAR,8.215746755380923e-86,0.37614796802502787
58,58,0.1,chi2,MCAR,1.162036613850947e-67,0.37116780559856577
58,58,0.1,chi2,MAR,5.034000823176456e-79,0.3796701182232278
58,58,0.1,chi2,MNAR,8.215746755380923e-86,0.37614796802502787
58,58,0.2,chi2,MCAR,1.5175299804958356e-57,0.3829438282061884
58,58,0.2,chi2,MAR,6.213517313124187e-72,0.38362748463813884
58,58,0.2,chi2,MNAR,8.215746755380923e-86,0.37614796802502787
58,58,0.3,chi2,MCAR,3.229475179412527e-39,0.3651673656322714
58,58,0.3,chi2,MAR,2.1057663994742406e-58,0.3739284693422659
58,58,0.3,chi2,MNAR,1.4994071910579126e-59,0.47132830847667834
58,58,0.4,chi2,MCAR,2.2658056561152706e-25,0.35593398175510915
58,58,0.4,chi2,MAR,6.657275081846155e-50,0.37586611113386337
58,58,0.4,chi2,MNAR,1.4994071910579126e-59,0.47132830847667834
59,59,0.0,chi2,MCAR,1.4468818928599396e-90,0.3858807382571652
59,59,0.0,chi2,MAR,1.4468818928599396e-90,0.3858807382571652
59,59,0.0,chi2,MNAR,1.4468818928599396e-90,0.3858807382571652
59,59,0.1,chi2,MCAR,1.7160975013703773e-69,0.37885607129976867
59,59,0.1,chi2,MAR,2.4700961870438635e-80,0.38241510297668957
59,59,0.1,chi2,MNAR,1.4468818928599396e-90,0.3858807382571652
59,59,0.2,chi2,MCAR,1.0448137615764755e-53,0.3798448727922631
59,59,0.2,chi2,MAR,7.749191231392615e-71,0.386123983032193
59,59,0.2,chi2,MNAR,1.4468818928599396e-90,0.3858807382571652
59,59,0.3,chi2,MCAR,1.0547375565985761e-38,0.3725590671344337
59,59,0.3,chi2,MAR,1.3710630548529907e-65,0.39843905112749556
59,59,0.3,chi2,MNAR,5.05468816455509e-58,0.4649752030002242
59,59,0.4,chi2,MCAR,3.3980666370294444e-30,0.38472902608434395
59,59,0.4,chi2,MAR,3.6540962040134385e-57,0.3979992799288036
59,59,0.4,chi2,MNAR,5.05468816455509e-58,0.4649752030002242
60,60,0.0,chi2,MCAR,2.247946750409368e-101,0.40711764100158854
60,60,0.0,chi2,MAR,2.247946750409368e-101,0.40711764100158854
60,60,0.0,chi2,MNAR,2.247946750409368e-101,0.40711764100158854
60,60,0.1,chi2,MCAR,2.297929220372437e-91,0.43107906159580645
60,60,0.1,chi2,MAR,5.309596932831409e-90,0.4053244837297396
60,60,0.1,chi2,MNAR,2.247946750409368e-101,0.40711764100158854
60,60,0.2,chi2,MCAR,4.787485528941767e-75,0.4448432881867462
60,60,0.2,chi2,MAR,7.987043638217565e-74,0.39419162678173475
60,60,0.2,chi2,MNAR,2.247946750409368e-101,0.40711764100158854
60,60,0.3,chi2,MCAR,7.787986086032112e-47,0.4220732087090113
60,60,0.3,chi2,MAR,9.441765721667384e-59,0.3784713093507066
60,60,0.3,chi2,MNAR,8.656520519335088e-70,0.5080010351661562
60,60,0.4,chi2,MCAR,8.415116521740154e-26,0.38068496667063384
60,60,0.4,chi2,MAR,7.718703741021603e-50,0.3800805149011054
60,60,0.4,chi2,MNAR,8.656520519335088e-70,0.5080010351661562
61,61,0.0,chi2,MCAR,2.4668494462012816e-97,0.3993152450835989
61,61,0.0,chi2,MAR,2.4668494462012816e-97,0.3993152450835989
61,61,0.0,chi2,MNAR,2.4668494462012816e-97,0.3993152450835989
61,61,0.1,chi2,MCAR,4.167840659980654e-80,0.40507055923207935
61,61,0.1,chi2,MAR,2.020039480276191e-88,0.39994310272156064
61,61,0.1,chi2,MNAR,2.4668494462012816e-97,0.3993152450835989
61,61,0.2,chi2,MCAR,3.197858801629012e-63,0.4047234159641296
61,61,0.2,chi2,MAR,1.4468158942766814e-77,0.39822043785354816
61,61,0.2,chi2,MNAR,2.4668494462012816e-97,0.3993152450835989
61,61,0.3,chi2,MCAR,5.746604409201526e-45,0.4044928076620652
61,61,0.3,chi2,MAR,2.29668106983782e-65,0.3921745001745722
61,61,0.3,chi2,MNAR,2.6400251778238953e-56,0.45707377351342937
61,61,0.4,chi2,MCAR,2.7407617459944703e-38,0.4289702237131732
61,61,0.4,chi2,MAR,9.619777779714865e-54,0.3909418417461334
61,61,0.4,chi2,MNAR,2.6400251778238953e-56,0.45707377351342937
62,62,0.0,chi2,MCAR,3.592161357354231e-129,0.45711317433989845
62,62,0.0,chi2,MAR,3.592161357354231e-129,0.45711317433989845
62,62,0.0,chi2,MNAR,3.592161357354231e-129,0.45711317433989845
62,62,0.1,chi2,MCAR,1.79003123918833e-108,0.4654641300287609
62,62,0.1,chi2,MAR,4.797099606246628e-120,0.465212943923763
62,62,0.1,chi2,MNAR,3.592161357354231e-129,0.45711317433989845
62,62,0.2,chi2,MCAR,1.18949834788874e-91,0.4824522484936595
62,62,0.2,chi2,MAR,1.469780304874378e-101,0.45358556080679774
62,62,0.2,chi2,MNAR,3.592161357354231e-129,0.45711317433989845
62,62,0.3,chi2,MCAR,2.5834814061363265e-70,0.4762477220161447
62,62,0.3,chi2,MAR,9.44241827417548e-86,0.44657128533041585
62,62,0.3,chi2,MNAR,1.0971200372692012e-82,0.5514191563126791
62,62,0.4,chi2,MCAR,2.6076714004891986e-52,0.47828126989758696
62,62,0.4,chi2,MAR,7.610973526681066e-66,0.4283202066329889
62,62,0.4,chi2,MNAR,1.0971200372692012e-82,0.5514191563126791
63,63,0.0,chi2,MCAR,6.601138761193017e-92,0.388580180428196
63,63,0.0,chi2,MAR,6.601138761193017e-92,0.388580180428196
63,63,0.0,chi2,MNAR,6.601138761193017e-92,0.388580180428196
63,63,0.1,chi2,MCAR,6.823565402613335e-75,0.39049233663334065
63,63,0.1,chi2,MAR,2.273283364002828e-75,0.3729370161785301
63,63,0.1,chi2,MNAR,6.601138761193017e-92,0.388580180428196
63,63,0.2,chi2,MCAR,1.0725725247691891e-55,0.38753905452764226
63,63,0.2,chi2,MAR,1.4713284915539486e-64,0.3680633956736212
63,63,0.2,chi2,MNAR,6.601138761193017e-92,0.388580180428196
63,63,0.3,chi2,MCAR,8.605568020516514e-41,0.38358626148956226
63,63,0.3,chi2,MAR,4.144929519975677e-52,0.3548921185685207
63,63,0.3,chi2,MNAR,1.952380094653695e-54,0.44955340003842204
63,63,0.4,chi2,MCAR,6.408192819619958e-31,0.39375140197939434
63,63,0.4,chi2,MAR,1.3306767746192296e-37,0.3306480422696548
63,63,0.4,chi2,MNAR,1.952380094653695e-54,0.44955340003842204
64,64,0.0,chi2,MCAR,5.215989950784807e-89,0.3827215966928797
64,64,0.0,chi2,MAR,5.215989950784807e-89,0.3827215966928797
64,64,0.0,chi2,MNAR,5.215989950784807e-89,0.3827215966928797
64,64,0.1,chi2,MCAR,2.506384333509359e-66,0.371127201952568
64,64,0.1,chi2,MAR,2.9696677583849107e-76,0.37901271755368937
64,64,0.1,chi2,MNAR,5.215989950784807e-89,0.3827215966928797
64,64,0.2,chi2,MCAR,1.1648321165459979e-50,0.3702923445714427
64,64,0.2,chi2,MAR,1.0600009678299618e-74,0.3936574615830058
64,64,0.2,chi2,MNAR,5.215989950784807e-89,0.3827215966928797
64,64,0.3,chi2,MCAR,2.0585258243042478e-32,0.35143137422559395
64,64,0.3,chi2,MAR,1.3396297545129796e-64,0.39194901798231724
64,64,0.3,chi2,MNAR,3.746631126784397e-62,0.482880144816599
64,64,0.4,chi2,MCAR,8.509520938182605e-23,0.34868193720289586
64,64,0.4,chi2,MAR,1.6978805608411825e-59,0.40481882842193967
64,64,0.4,chi2,MNAR,3.746631126784397e-62,0.482880144816599
65,65,0.0,chi2,MCAR,9.056735148898985e-88,0.38018685383867645
65,65,0.0,chi2,MAR,9.056735148898985e-88,0.38018685383867645
65,65,0.0,chi2,MNAR,9.056735148898985e-88,0.38018685383867645
65,65,0.1,chi2,MCAR,9.391154490888277e-72,0.3865158671496
65,65,0.1,chi2,MAR,5.872748169768022e-74,0.37024910368585606
65,65,0.1,chi2,MNAR,9.056735148898985e-88,0.38018685383867645
65,65,0.2,chi2,MCAR,8.164383605528761e-57,0.38564996672428165
65,65,0.2,chi2,MAR,1.807136526018651e-65,0.3700211998969073
65,65,0.2,chi2,MNAR,9.056735148898985e-88,0.38018685383867645
65,65,0.3,chi2,MCAR,2.539137405329592e-50,0.41857263549756807
65,65,0.3,chi2,MAR,3.6697703550042627e-51,0.3528951155607651
65,65,0.3,chi2,MNAR,6.243168075626115e-49,0.41752869781411434
65,65,0.4,chi2,MCAR,4.2755088995236267e-35,0.4211137876631813
65,65,0.4,chi2,MAR,6.196710275628486e-40,0.3395633792422753
65,65,0.4,chi2,MNAR,6.243168075626115e-49,0.41752869781411434
66,66,0.0,chi2,MCAR,1.3811251750442455e-100,0.40560718316980177
66,66,0.0,chi2,MAR,1.3811251750442455e-100,0.40560718316980177
66,66,0.0,chi2,MNAR,1.3811251750442455e-100,0.40560718316980177
66,66,0.1,chi2,MCAR,1.3488238473313913e-79,0.40688397990877
66,66,0.1,chi2,MAR,2.983771068417404e-91,0.4114241929045349
66,66,0.1,chi2,MNAR,1.3811251750442455e-100,0.40560718316980177
66,66,0.2,chi2,MCAR,5.125213665299712e-63,0.40951748207959787
66,66,0.2,chi2,MAR,4.018014603522216e-80,0.4094386174920674
66,66,0.2,chi2,MNAR,1.3811251750442455e-100,0.40560718316980177
66,66,0.3,chi2,MCAR,7.14925622946488e-49,0.4116995791655741
66,66,0.3,chi2,MAR,1.1036981715494418e-57,0.37689025425144246
66,66,0.3,chi2,MNAR,1.296422430063539e-58,0.46803772940657684
66,66,0.4,chi2,MCAR,5.93721533510045e-40,0.4326377455021564
66,66,0.4,chi2,MAR,8.17598174997747e-49,0.3783819128404893
66,66,0.4,chi2,MNAR,1.296422430063539e-58,0.46803772940657684
67,67,0.0,chi2,MCAR,9.123163682168109e-101,0.4059526930934471
67,67,0.0,chi2,MAR,9.123163682168109e-101,0.4059526930934471
67,67,0.0,chi2,MNAR,9.123163682168109e-101,0.4059526930934471
67,67,0.1,chi2,MCAR,4.199089896794026e-83,0.4093819302049468
67,67,0.1,chi2,MAR,7.059137969832181e-91,0.4047280358790416
67,67,0.1,chi2,MNAR,9.123163682168109e-101,0.4059526930934471
67,67,0.2,chi2,MCAR,2.4077253234323916e-56,0.38626264191639215
67,67,0.2,chi2,MAR,4.056536886366724e-78,0.403301800265882
67,67,0.2,chi2,MNAR,9.123163682168109e-101,0.4059526930934471
67,67,0.3,chi2,MCAR,2.6210332172132657e-45,0.39597840798927714
67,67,0.3,chi2,MAR,1.1782131414856345e-66,0.4020394973089638
67,67,0.3,chi2,MNAR,2.3670461687030973e-62,0.47177154270644733
67,67,0.4,chi2,MCAR,4.91620724791297e-27,0.3723337142033452
67,67,0.4,chi2,MAR,3.087874524850353e-52,0.3904283838569104
67,67,0.4,chi2,MNAR,2.3670461687030973e-62,0.47177154270644733
68,68,0.0,chi2,MCAR,1.1760416041148832e-104,0.4133429434939655
68,68,0.0,chi2,MAR,1.1760416041148832e-104,0.4133429434939655
68,68,0.0,chi2,MNAR,1.1760416041148832e-104,0.4133429434939655
68,68,0.1,chi2,MCAR,9.941261805843919e-85,0.4151823354963432
68,68,0.1,chi2,MAR,8.675346258519369e-101,0.42843219541290006
68,68,0.1,chi2,MNAR,1.1760416041148832e-104,0.4133429434939655
68,68,0.2,chi2,MCAR,8.05275041526481e-65,0.40979443040804914
68,68,0.2,chi2,MAR,2.79532375351098e-87,0.4228815971687502
68,68,0.2,chi2,MNAR,1.1760416041148832e-104,0.4133429434939655
68,68,0.3,chi2,MCAR,6.070715263555917e-45,0.4022736653910977
68,68,0.3,chi2,MAR,4.8844877044773154e-71,0.41483131081547664
68,68,0.3,chi2,MNAR,1.2402375132802417e-58,0.45840853044519103
68,68,0.4,chi2,MCAR,1.823955882295575e-29,0.3869574903154489
68,68,0.4,chi2,MAR,9.549580298332094e-66,0.42909224925142386
68,68,0.4,chi2,MNAR,1.2402375132802417e-58,0.45840853044519103
69,69,0.0,chi2,MCAR,1.2162816952403625e-113,0.42991655090557634
69,69,0.0,chi2,MAR,1.2162816952403625e-113,0.42991655090557634
69,69,0.0,chi2,MNAR,1.2162816952403625e-113,0.42991655090557634
69,69,0.1,chi2,MCAR,4.895432743985369e-93,0.4358839686759945
69,69,0.1,chi2,MAR,2.338263227407747e-104,0.4368110696597097
69,69,0.1,chi2,MNAR,1.2162816952403625e-113,0.42991655090557634
69,69,0.2,chi2,MCAR,1.416858256162561e-68,0.42672556384971033
69,69,0.2,chi2,MAR,8.3064356742279e-95,0.4400767844367081
69,69,0.2,chi2,MNAR,1.2162816952403625e-113,0.42991655090557634
69,69,0.3,chi2,MCAR,3.1382895106487615e-54,0.43781878041013367
69,69,0.3,chi2,MAR,3.2850236121420905e-86,0.44992653449065817
69,69,0.3,chi2,MNAR,9.84634684330149e-66,0.49208389230237226
69,69,0.4,chi2,MCAR,1.1816098402355176e-38,0.4250170007520376
69,69,0.4,chi2,MAR,1.3248037860041892e-70,0.437146827264156
69,69,0.4,chi2,MNAR,9.84634684330149e-66,0.49208389230237226
70,70,0.0,chi2,MCAR,5.024135795553257e-87,0.3786569619996824
70,70,0.0,chi2,MAR,5.024135795553257e-87,0.3786569619996824
70,70,0.0,chi2,MNAR,5.024135795553257e-87,0.3786569619996824
70,70,0.1,chi2,MCAR,4.537870052699775e-66,0.36772366673091134
70,70,0.1,chi2,MAR,4.36166402433933e-73,0.3694296025308919
70,70,0.1,chi2,MNAR,5.024135795553257e-87,0.3786569619996824
70,70,0.2,chi2,MCAR,5.513388365258437e-52,0.36612711618828325
70,70,0.2,chi2,MAR,2.1674213949201704e-61,0.3577234390350947
70,70,0.2,chi2,MNAR,5.024135795553257e-87,0.3786569619996824
70,70,0.3,chi2,MCAR,4.785428860671178e-35,0.35215684729348967
70,70,0.3,chi2,MAR,8.565208372053609e-52,0.3536452325900587
70,70,0.3,chi2,MNAR,8.232973940500989e-51,0.43390852902787364
70,70,0.4,chi2,MCAR,3.9328511150200917e-22,0.340239845218536
70,70,0.4,chi2,MAR,9.010518832748071e-41,0.3465617917948038
70,70,0.4,chi2,MNAR,8.232973940500989e-51,0.43390852902787364
71,71,0.0,chi2,MCAR,8.4349201191607e-96,0.39631161584098973
71,71,0.0,chi2,MAR,8.4349201191607e-96,0.39631161584098973
71,71,0.0,chi2,MNAR,8.4349201191607e-96,0.39631161584098973
71,71,0.1,chi2,MCAR,8.00745532165247e-74,0.38953242258153664
71,71,0.1,chi2,MAR,4.882819689441879e-89,0.40148313254669193
71,71,0.1,chi2,MNAR,8.4349201191607e-96,0.39631161584098973
71,71,0.2,chi2,MCAR,5.295932527394157e-57,0.38957398601762094
71,71,0.2,chi2,MAR,1.740339409915928e-77,0.40100402870974394
71,71,0.2,chi2,MNAR,8.4349201191607e-96,0.39631161584098973
71,71,0.3,chi2,MCAR,6.3342842613858845e-43,0.3938754306899816
71,71,0.3,chi2,MAR,3.5750232829296784e-71,0.4134042060226837
71,71,0.3,chi2,MNAR,1.846546767182935e-54,0.44546871285953255
71,71,0.4,chi2,MCAR,6.76698143717214e-30,0.3867487695541814
71,71,0.4,chi2,MAR,4.735014318138205e-64,0.42246847140914734
71,71,0.4,chi2,MNAR,1.846546767182935e-54,0.44546871285953255
72,72,0.0,chi2,MCAR,4.335653341316544e-111,0.42527672415114787
72,72,0.0,chi2,MAR,4.335653341316544e-111,0.42527672415114787
72,72,0.0,chi2,MNAR,4.335653341316544e-111,0.42527672415114787
72,72,0.1,chi2,MCAR,4.2267912632235436e-89,0.42440631863645295
72,72,0.1,chi2,MAR,8.023155038518427e-100,0.4274257845728579
72,72,0.1,chi2,MNAR,4.335653341316544e-111,0.42527672415114787
72,72,0.2,chi2,MCAR,3.460865576743365e-70,0.427013993577178
72,72,0.2,chi2,MAR,3.7795418949600383e-90,0.4318362865731076
72,72,0.2,chi2,MNAR,4.335653341316544e-111,0.42527672415114787
72,72,0.3,chi2,MCAR,2.9214565582743543e-61,0.4513156112164816
72,72,0.3,chi2,MAR,1.499586481072251e-88,0.45182545791331813
72,72,0.3,chi2,MNAR,1.2940441558373466e-72,0.5100722560948467
72,72,0.4,chi2,MCAR,3.401056303521797e-46,0.46241979959557494
72,72,0.4,chi2,MAR,3.151861011932144e-75,0.4529629728952637
72,72,0.4,chi2,MNAR,1.2940441558373466e-72,0.5100722560948467
73,73,0.0,chi2,MCAR,2.6039586213338307e-105,0.41457369295709473
73,73,0.0,chi2,MAR,2.6039586213338307e-105,0.41457369295709473
73,73,0.0,chi2,MNAR,2.6039586213338307e-105,0.41457369295709473
73,73,0.1,chi2,MCAR,3.939761221296955e-92,0.43305778282334656
73,73,0.1,chi2,MAR,4.799143460375253e-93,0.41314882224285404
73,73,0.1,chi2,MNAR,2.6039586213338307e-105,0.41457369295709473
73,73,0.2,chi2,MCAR,6.118403828173457e-72,0.4270298562304968
73,73,0.2,chi2,MAR,1.0540820489846837e-77,0.4010333026925086
73,73,0.2,chi2,MNAR,2.6039586213338307e-105,0.41457369295709473
73,73,0.3,chi2,MCAR,1.0059006200304874e-56,0.4415750725117055
73,73,0.3,chi2,MAR,1.1430920880758025e-71,0.41535203552493344
73,73,0.3,chi2,MNAR,4.339025091710392e-66,0.4961184504491872
73,73,0.4,chi2,MCAR,1.6056472674175866e-33,0.40951881320894506
73,73,0.4,chi2,MAR,8.526234912914466e-58,0.4050521155595506
73,73,0.4,chi2,MNAR,4.339025091710392e-66,0.4961184504491872
74,74,0.0,chi2,MCAR,9.581791360390638e-101,0.40591184102234357
74,74,0.0,chi2,MAR,9.581791360390638e-101,0.40591184102234357
74,74,0.0,chi2,MNAR,9.581791360390638e-101,0.40591184102234357
74,74,0.1,chi2,MCAR,1.1086176784047752e-76,0.39829021091112143
74,74,0.1,chi2,MAR,3.3738712870873395e-89,0.4067787236690808
74,74,0.1,chi2,MNAR,9.581791360390638e-101,0.40591184102234357
74,74,0.2,chi2,MCAR,1.442649091097514e-65,0.40884974932486395
74,74,0.2,chi2,MAR,2.0159809489926434e-84,0.41941206274660436
74,74,0.2,chi2,MNAR,9.581791360390638e-101,0.40591184102234357
74,74,0.3,chi2,MCAR,1.2457924557795137e-55,0.4196456254051942
74,74,0.3,chi2,MAR,1.5721659217817573e-74,0.416210211177273
74,74,0.3,chi2,MNAR,5.948406699448999e-67,0.492714544402026
74,74,0.4,chi2,MCAR,2.6219921658645353e-40,0.42045438226713755
74,74,0.4,chi2,MAR,4.935158880839124e-67,0.4259409771816497
74,74,0.4,chi2,MNAR,5.948406699448999e-67,0.492714544402026
75,75,0.0,chi2,MCAR,1.2430404874375856e-102,0.4095144499690432
75,75,0.0,chi2,MAR,1.2430404874375856e-102,0.4095144499690432
75,75,0.0,chi2,MNAR,1.2430404874375856e-102,0.4095144499690432
75,75,0.1,chi2,MCAR,1.2046605675172314e-86,0.4216856055345444
75,75,0.1,chi2,MAR,1.5416888241258298e-85,0.3954574014648196
75,75,0.1,chi2,MNAR,1.2430404874375856e-102,0.4095144499690432
75,75,0.2,chi2,MCAR,3.747188179032547e-71,0.426127414352931
75,75,0.2,chi2,MAR,3.117551947145067e-75,0.3944813685281074
75,75,0.2,chi2,MNAR,1.2430404874375856e-102,0.4095144499690432
75,75,0.3,chi2,MCAR,7.354131313145227e-50,0.41764563462016
75,75,0.3,chi2,MAR,4.230433505646074e-67,0.4012641099638242
75,75,0.3,chi2,MNAR,1.0267184808867733e-66,0.492995655854645
75,75,0.4,chi2,MCAR,2.805825351529524e-38,0.42891819800155506
75,75,0.4,chi2,MAR,3.272423177071005e-51,0.3819789961839401
75,75,0.4,chi2,MNAR,1.0267184808867733e-66,0.492995655854645
76,76,0.0,chi2,MCAR,4.751629551454296e-89,0.38280410494440337
76,76,0.0,chi2,MAR,4.751629551454296e-89,0.38280410494440337
76,76,0.0,chi2,MNAR,4.751629551454296e-89,0.38280410494440337
76,76,0.1,chi2,MCAR,7.012039933406421e-80,0.4055359663113869
76,76,0.1,chi2,MAR,8.971642593004955e-77,0.3761929925837969
76,76,0.1,chi2,MNAR,4.751629551454296e-89,0.38280410494440337
76,76,0.2,chi2,MCAR,4.8696471245622156e-64,0.40874123305260945
76,76,0.2,chi2,MAR,1.6753069529088034e-60,0.35752130704020807
76,76,0.2,chi2,MNAR,4.751629551454296e-89,0.38280410494440337
76,76,0.3,chi2,MCAR,3.959838328852561e-40,0.37530157579705575
76,76,0.3,chi2,MAR,4.835398107508576e-41,0.31840685307544914
76,76,0.3,chi2,MNAR,1.7608498104978433e-49,0.42563343312529034
76,76,0.4,chi2,MCAR,5.684019266137084e-32,0.38892586751891917
76,76,0.4,chi2,MAR,7.949684330129108e-36,0.32211639630926064
76,76,0.4,chi2,MNAR,1.7608498104978433e-49,0.42563343312529034
77,77,0.0,chi2,MCAR,3.0724876456132102e-90,0.3852193185482599
77,77,0.0,chi2,MAR,3.0724876456132102e-90,0.3852193185482599
77,77,0.0,chi2,MNAR,3.0724876456132102e-90,0.3852193185482599
77,77,0.1,chi2,MCAR,8.277815062192978e-78,0.3985612480505221
77,77,0.1,chi2,MAR,3.4273237656907134e-82,0.38827895530856177
77,77,0.1,chi2,MNAR,3.0724876456132102e-90,0.3852193185482599
77,77,0.2,chi2,MCAR,2.7818639111946315e-58,0.3961230808272135
77,77,0.2,chi2,MAR,2.951946464553271e-74,0.39403106429721696
77,77,0.2,chi2,MNAR,3.0724876456132102e-90,0.3852193185482599
77,77,0.3,chi2,MCAR,3.967170462998566e-48,0.4130044343837318
77,77,0.3,chi2,MAR,2.6066815304669303e-62,0.3912658192710341
77,77,0.3,chi2,MNAR,2.3471160432995112e-54,0.44436457871621154
77,77,0.4,chi2,MCAR,5.352328355063822e-32,0.4044618977393042
77,77,0.4,chi2,MAR,7.066895559088713e-52,0.38851555367798524
77,77,0.4,chi2,MNAR,2.3471160432995112e-54,0.44436457871621154
78,78,0.0,chi2,MCAR,1.4770841840002535e-100,0.40555118586863514
78,78,0.0,chi2,MAR,1.4770841840002535e-100,0.40555118586863514
78,78,0.0,chi2,MNAR,1.4770841840002535e-100,0.40555118586863514
78,78,0.1,chi2,MCAR,5.857736141250236e-78,0.39600834850237177
78,78,0.1,chi2,MAR,2.967134689109559e-84,0.389625140069255
78,78,0.1,chi2,MNAR,1.4770841840002535e-100,0.40555118586863514
78,78,0.2,chi2,MCAR,1.1018958808427236e-63,0.40736462279209873
78,78,0.2,chi2,MAR,7.486536585553665e-71,0.3806744082971588
78,78,0.2,chi2,MNAR,1.4770841840002535e-100,0.40555118586863514
78,78,0.3,chi2,MCAR,6.767574853470858e-50,0.4144024191717923
78,78,0.3,chi2,MAR,1.5835552910602254e-64,0.38737170907963375
78,78,0.3,chi2,MNAR,9.469524453247141e-53,0.43257419699093114
78,78,0.4,chi2,MCAR,2.8666089877096547e-33,0.4002654933664377
78,78,0.4,chi2,MAR,8.1832702514869945e-53,0.3796130723945112
78,78,0.4,chi2,MNAR,9.469524453247141e-53,0.43257419699093114
79,79,0.0,chi2,MCAR,2.5139022481578225e-89,0.3833669815086669
79,79,0.0,chi2,MAR,2.5139022481578225e-89,0.3833669815086669
79,79,0.0,chi2,MNAR,2.5139022481578225e-89,0.3833669815086669
79,79,0.1,chi2,MCAR,2.6479468431199588e-64,0.3701723933998642
79,79,0.1,chi2,MAR,1.5316646859043508e-74,0.37583484205206397
79,79,0.1,chi2,MNAR,2.5139022481578225e-89,0.3833669815086669
79,79,0.2,chi2,MCAR,7.741081502299059e-55,0.3841421185894324
79,79,0.2,chi2,MAR,1.208082503562367e-62,0.3652127706390898
79,79,0.2,chi2,MNAR,2.5139022481578225e-89,0.3833669815086669
79,79,0.3,chi2,MCAR,5.506374528946063e-42,0.38747791032213674
79,79,0.3,chi2,MAR,3.6368822717691397e-51,0.3526557872011501
79,79,0.3,chi2,MNAR,1.6313836993102188e-52,0.44698651223541896
79,79,0.4,chi2,MCAR,3.810006062452248e-30,0.38819515239802427
79,79,0.4,chi2,MAR,4.7345318041981226e-42,0.3494274497976071
79,79,0.4,chi2,MNAR,1.6313836993102188e-52,0.44698651223541896
80,80,0.0,chi2,MCAR,6.216950257723501e-95,0.39460253263918754
80,80,0.0,chi2,MAR,6.216950257723501e-95,0.39460253263918754
80,80,0.0,chi2,MNAR,6.216950257723501e-95,0.39460253263918754
80,80,0.1,chi2,MCAR,3.7489589231534584e-76,0.394540884467113
80,80,0.1,chi2,MAR,4.1442899476223695e-89,0.40296742789399703
80,80,0.1,chi2,MNAR,6.216950257723501e-95,0.39460253263918754
80,80,0.2,chi2,MCAR,3.573772098005336e-61,0.39762650655507215
80,80,0.2,chi2,MAR,1.3300472503500154e-81,0.40913190315303277
80,80,0.2,chi2,MNAR,6.216950257723501e-95,0.39460253263918754
80,80,0.3,chi2,MCAR,1.5146092120465887e-43,0.3904027812664412
80,80,0.3,chi2,MAR,1.6757241207805783e-73,0.4158327232232719
80,80,0.3,chi2,MNAR,2.3211853958863078e-57,0.45982381036742365
80,80,0.4,chi2,MCAR,5.6260695313524874e-33,0.40592374011378063
80,80,0.4,chi2,MAR,4.71239099014449e-59,0.4011228401750762
80,80,0.4,chi2,MNAR,2.3211853958863078e-57,0.45982381036742365
81,81,0.0,chi2,MCAR,4.605103897875691e-80,0.3640201731763856
81,81,0.0,chi2,MAR,4.605103897875691e-80,0.3640201731763856
81,81,0.0,chi2,MNAR,4.605103897875691e-80,0.3640201731763856
81,81,0.1,chi2,MCAR,1.0125383660272742e-53,0.33514897879340355
81,81,0.1,chi2,MAR,2.756408864511527e-71,0.36656582610643096
81,81,0.1,chi2,MNAR,4.605103897875691e-80,0.3640201731763856
81,81,0.2,chi2,MCAR,2.1023252249313315e-47,0.3568464246195206
81,81,0.2,chi2,MAR,1.8119727358337233e-65,0.37496606028420887
81,81,0.2,chi2,MNAR,4.605103897875691e-80,0.3640201731763856
81,81,0.3,chi2,MCAR,1.8290688730830564e-38,0.3769774548527899
81,81,0.3,chi2,MAR,2.390756860385214e-60,0.3821278923684727
81,81,0.3,chi2,MNAR,2.6257781824995227e-56,0.4648215046442466
81,81,0.4,chi2,MCAR,4.304203627195147e-28,0.38653833696120604
81,81,0.4,chi2,MAR,1.1523062287675596e-51,0.3858049991967751
81,81,0.4,chi2,MNAR,2.6257781824995227e-56,0.4648215046442466
82,82,0.0,chi2,MCAR,9.561135001853362e-98,0.40011732046592463
82,82,0.0,chi2,MAR,9.561135001853362e-98,0.40011732046592463
82,82,0.0,chi2,MNAR,9.561135001853362e-98,0.40011732046592463
82,82,0.1,chi2,MCAR,4.033240605721669e-86,0.4171117969468693
82,82,0.1,chi2,MAR,4.21682143626086e-92,0.4068585873876971
82,82,0.1,chi2,MNAR,9.561135001853362e-98,0.40011732046592463
82,82,0.2,chi2,MCAR,1.7011127568424376e-65,0.4143563069145294
82,82,0.2,chi2,MAR,2.7608164724215198e-77,0.3965638962496805
82,82,0.2,chi2,MNAR,9.561135001853362e-98,0.40011732046592463
82,82,0.3,chi2,MCAR,2.43102744574938e-48,0.4003934729228632
82,82,0.3,chi2,MAR,3.782366499558728e-61,0.3822943253913718
82,82,0.3,chi2,MNAR,1.8712259837589342e-53,0.4538338079985101
82,82,0.4,chi2,MCAR,1.0642929871936774e-30,0.3813686768365053
82,82,0.4,chi2,MAR,1.6799873548978652e-49,0.3726147253299037
82,82,0.4,chi2,MNAR,1.8712259837589342e-53,0.4538338079985101
83,83,0.0,chi2,MCAR,7.811236135773765e-104,0.4117919888448689
83,83,0.0,chi2,MAR,7.811236135773765e-104,0.4117919888448689
83,83,0.0,chi2,MNAR,7.811236135773765e-104,0.4117919888448689
83,83,0.1,chi2,MCAR,9.719465464097114e-92,0.4300557781113245
83,83,0.1,chi2,MAR,1.394853634242929e-91,0.40959505724087475
83,83,0.1,chi2,MNAR,7.811236135773765e-104,0.4117919888448689
83,83,0.2,chi2,MCAR,6.355077671441554e-69,0.4237178661916477
83,83,0.2,chi2,MAR,3.943039594336206e-83,0.415579908729233
83,83,0.2,chi2,MNAR,7.811236135773765e-104,0.4117919888448689
83,83,0.3,chi2,MCAR,1.0271524071067028e-45,0.4058601035679557
83,83,0.3,chi2,MAR,2.4262250960462812e-73,0.421408032290754
83,83,0.3,chi2,MNAR,2.2583304827929674e-57,0.45216487388986876
83,83,0.4,chi2,MCAR,2.1199316067573604e-33,0.4059864076393431
83,83,0.4,chi2,MAR,1.013813711474561e-61,0.41765000372093253
83,83,0.4,chi2,MNAR,2.2583304827929674e-57,0.45216487388986876
84,84,0.0,chi2,MCAR,6.966667650850498e-85,0.37421688336763337
84,84,0.0,chi2,MAR,6.966667650850498e-85,0.37421688336763337
84,84,0.0,chi2,MNAR,6.966667650850498e-85,0.37421688336763337
84,84,0.1,chi2,MCAR,2.235187897208996e-65,0.3672636830577219
84,84,0.1,chi2,MAR,5.4131335130407e-77,0.3783847564894033
84,84,0.1,chi2,MNAR,6.966667650850498e-85,0.37421688336763337
84,84,0.2,chi2,MCAR,5.637344706404695e-53,0.3713167502591985
84,84,0.2,chi2,MAR,1.2256150179042936e-65,0.3713955486489929
84,84,0.2,chi2,MNAR,6.966667650850498e-85,0.37421688336763337
84,84,0.3,chi2,MCAR,2.4706249451328262e-40,0.373916591870757
84,84,0.3,chi2,MAR,1.2905362558507531e-55,0.3652596076160902
84,84,0.3,chi2,MNAR,2.470032139587679e-55,0.4528262055026426
84,84,0.4,chi2,MCAR,1.7966731399779904e-33,0.39919770363762186
84,84,0.4,chi2,MAR,2.1996048814110936e-48,0.3717735210413516
84,84,0.4,chi2,MNAR,2.470032139587679e-55,0.4528262055026426
85,85,0.0,chi2,MCAR,4.769380061315714e-83,0.37036842357804733
85,85,0.0,chi2,MAR,4.769380061315714e-83,0.37036842357804733
85,85,0.0,chi2,MNAR,4.769380061315714e-83,0.37036842357804733
85,85,0.1,chi2,MCAR,1.1915670683752699e-63,0.368643527609279
85,85,0.1,chi2,MAR,1.0190622472648452e-81,0.3855134249211638
85,85,0.1,chi2,MNAR,4.769380061315714e-83,0.37036842357804733
85,85,0.2,chi2,MCAR,1.5392196494496297e-51,0.370034907003331
85,85,0.2,chi2,MAR,1.895477206351458e-71,0.3831180608949268
85,85,0.2,chi2,MNAR,4.769380061315714e-83,0.37036842357804733
85,85,0.3,chi2,MCAR,1.4187844211536147e-42,0.3852128680684632
85,85,0.3,chi2,MAR,1.2849265169454612e-55,0.3655243422854108
85,85,0.3,chi2,MNAR,2.0477791438762747e-50,0.4420549437352532
85,85,0.4,chi2,MCAR,2.8858905718313784e-30,0.37995128374496284
85,85,0.4,chi2,MAR,8.602356151932167e-50,0.37301216502134754
85,85,0.4,chi2,MNAR,2.0477791438762747e-50,0.4420549437352532
86,86,0.0,chi2,MCAR,1.3863049906578924e-98,0.4017463485069504
86,86,0.0,chi2,MAR,1.3863049906578924e-98,0.4017463485069504
86,86,0.0,chi2,MNAR,1.3863049906578924e-98,0.4017463485069504
86,86,0.1,chi2,MCAR,1.866707235687011e-81,0.4087831154760468
86,86,0.1,chi2,MAR,6.74825094419109e-84,0.3914161745336383
86,86,0.1,chi2,MNAR,1.3863049906578924e-98,0.4017463485069504
86,86,0.2,chi2,MCAR,1.2646244697065758e-64,0.4101662201707032
86,86,0.2,chi2,MAR,9.663271141944483e-75,0.3940031416716332
86,86,0.2,chi2,MNAR,1.3863049906578924e-98,0.4017463485069504
86,86,0.3,chi2,MCAR,5.872624955338592e-56,0.43055688103251005
86,86,0.3,chi2,MAR,9.584260041380866e-71,0.4069897021650531
86,86,0.3,chi2,MNAR,2.873660670407849e-63,0.480289563122533
86,86,0.4,chi2,MCAR,1.1971233821505202e-38,0.4278660099387274
86,86,0.4,chi2,MAR,5.6013192689486755e-56,0.3977421855121309
86,86,0.4,chi2,MNAR,2.873660670407849e-63,0.480289563122533
87,87,0.0,chi2,MCAR,1.025362640058882e-108,0.42091376353342674
87,87,0.0,chi2,MAR,1.025362640058882e-108,0.42091376353342674
87,87,0.0,chi2,MNAR,1.025362640058882e-108,0.42091376353342674
87,87,0.1,chi2,MCAR,5.6186354295221646e-77,0.40076471090351645
87,87,0.1,chi2,MAR,1.3916349751442357e-93,0.4173223530206194
87,87,0.1,chi2,MNAR,1.025362640058882e-108,0.42091376353342674
87,87,0.2,chi2,MCAR,2.0270118226622765e-65,0.41348423660149364
87,87,0.2,chi2,MAR,1.4519162367764501e-81,0.4129019050307631
87,87,0.2,chi2,MNAR,1.025362640058882e-108,0.42091376353342674
87,87,0.3,chi2,MCAR,4.688560909108274e-50,0.42012706702211033
87,87,0.3,chi2,MAR,2.206787996537141e-60,0.3878436597884853
87,87,0.3,chi2,MNAR,1.789620161210644e-63,0.4844436934783266
87,87,0.4,chi2,MCAR,3.296332127027392e-31,0.3970835479902526
87,87,0.4,chi2,MAR,1.3689743641693485e-53,0.3981697148604316
87,87,0.4,chi2,MNAR,1.789620161210644e-63,0.4844436934783266
88,88,0.0,chi2,MCAR,3.2705423678738994e-92,0.3891915354711355
88,88,0.0,chi2,MAR,3.2705423678738994e-92,0.3891915354711355
88,88,0.0,chi2,MNAR,3.2705423678738994e-92,0.3891915354711355
88,88,0.1,chi2,MCAR,5.4644141698238955e-73,0.38769583052074497
88,88,0.1,chi2,MAR,3.8330159376926355e-89,0.4037112720345925
88,88,0.1,chi2,MNAR,3.2705423678738994e-92,0.3891915354711355
88,88,0.2,chi2,MCAR,4.746777088449007e-51,0.3684055757751025
88,88,0.2,chi2,MAR,2.696101279884934e-77,0.4012940557559986
88,88,0.2,chi2,MNAR,3.2705423678738994e-92,0.3891915354711355
88,88,0.3,chi2,MCAR,3.2378755813824007e-41,0.3776361306615328
88,88,0.3,chi2,MAR,2.0666822478123366e-62,0.3881711700606405
88,88,0.3,chi2,MNAR,5.6002710081432285e-55,0.45317616956567064
88,88,0.4,chi2,MCAR,6.211287491934841e-26,0.3579474174100647
88,88,0.4,chi2,MAR,6.424955369142806e-56,0.39459205552145415
88,88,0.4,chi2,MNAR,5.6002710081432285e-55,0.45317616956567064
89,89,0.0,chi2,MCAR,2.941415526452503e-96,0.3972099497221384
89,89,0.0,chi2,MAR,2.941415526452503e-96,0.3972099497221384
89,89,0.0,chi2,MNAR,2.941415526452503e-96,0.3972099497221384
89,89,0.1,chi2,MCAR,3.796869813197512e-73,0.3910049430108049
89,89,0.1,chi2,MAR,2.0410556436255146e-85,0.397177163731188
89,89,0.1,chi2,MNAR,2.941415526452503e-96,0.3972099497221384
89,89,0.2,chi2,MCAR,6.927041318564389e-50,0.3679570303063556
89,89,0.2,chi2,MAR,7.066615106244818e-77,0.40153171855510167
89,89,0.2,chi2,MNAR,2.941415526452503e-96,0.3972099497221384
89,89,0.3,chi2,MCAR,7.850006883517136e-35,0.3558610458371534
89,89,0.3,chi2,MAR,7.266636345074914e-72,0.41558730879742456
89,89,0.3,chi2,MNAR,4.181591096357609e-53,0.44032820152532753
89,89,0.4,chi2,MCAR,2.1141487639265444e-23,0.34153682270022584
89,89,0.4,chi2,MAR,7.092328195311882e-61,0.4139298404268914
89,89,0.4,chi2,MNAR,4.181591096357609e-53,0.44032820152532753
90,90,0.0,chi2,MCAR,4.186592873107996e-99,0.4027530078384941
90,90,0.0,chi2,MAR,4.186592873107996e-99,0.4027530078384941
90,90,0.0,chi2,MNAR,4.186592873107996e-99,0.4027530078384941
90,90,0.1,chi2,MCAR,2.899295037242743e-80,0.40823493963501706
90,90,0.1,chi2,MAR,1.8764096636869764e-89,0.40415208419887233
90,90,0.1,chi2,MNAR,4.186592873107996e-99,0.4027530078384941
90,90,0.2,chi2,MCAR,1.439591911777854e-57,0.39167658982870596
90,90,0.2,chi2,MAR,1.6917781804138817e-76,0.3995883483993353
90,90,0.2,chi2,MNAR,4.186592873107996e-99,0.4027530078384941
90,90,0.3,chi2,MCAR,1.3274055291291911e-45,0.40329670233466475
90,90,0.3,chi2,MAR,2.5836019760352845e-63,0.3902252074670879
90,90,0.3,chi2,MNAR,2.5460574616464547e-61,0.4777900410575397
90,90,0.4,chi2,MCAR,7.27316883191502e-38,0.42274376395719143
90,90,0.4,chi2,MAR,1.1432070105209453e-43,0.3579366395775561
90,90,0.4,chi2,MNAR,2.5460574616464547e-61,0.4777900410575397
91,91,0.0,chi2,MCAR,4.226584032933377e-101,0.4065929934604524
91,91,0.0,chi2,MAR,4.226584032933377e-101,0.4065929934604524
91,91,0.0,chi2,MNAR,4.226584032933377e-101,0.4065929934604524
91,91,0.1,chi2,MCAR,3.750943822173912e-73,0.3929980812674445
91,91,0.1,chi2,MAR,1.4905699178028113e-87,0.4002838667028555
91,91,0.1,chi2,MNAR,4.226584032933377e-101,0.4065929934604524
91,91,0.2,chi2,MCAR,3.827441408063168e-61,0.4060456228318312
91,91,0.2,chi2,MAR,4.809169772927093e-78,0.4018616615037411
91,91,0.2,chi2,MNAR,4.226584032933377e-101,0.4065929934604524
91,91,0.3,chi2,MCAR,3.9814195581931987e-47,0.4137577724410444
91,91,0.3,chi2,MAR,9.050637565382643e-69,0.4059148993475331
91,91,0.3,chi2,MNAR,2.1219159862574165e-66,0.5045013999819568
91,91,0.4,chi2,MCAR,5.7326222654193076e-33,0.41173555791409033
91,91,0.4,chi2,MAR,2.1965670858046184e-55,0.40643411884492353
91,91,0.4,chi2,MNAR,2.1219159862574165e-66,0.5045013999819568
92,92,0.0,chi2,MCAR,1.305733433021972e-91,0.38798544027814263
92,92,0.0,chi2,MAR,1.305733433021972e-91,0.38798544027814263
92,92,0.0,chi2,MNAR,1.305733433021972e-91,0.38798544027814263
92,92,0.1,chi2,MCAR,3.0899762663994155e-77,0.40014498345187927
92,92,0.1,chi2,MAR,2.9423063345800316e-85,0.39638389712867306
92,92,0.1,chi2,MNAR,1.305733433021972e-91,0.38798544027814263
92,92,0.2,chi2,MCAR,8.755710449349304e-56,0.3887535583573596
92,92,0.2,chi2,MAR,2.860878789252845e-79,0.4048260212527499
92,92,0.2,chi2,MNAR,1.305733433021972e-91,0.38798544027814263
92,92,0.3,chi2,MCAR,1.1198070880897494e-36,0.36773514205630287
92,92,0.3,chi2,MAR,8.188881967600034e-70,0.40704514001213177
92,92,0.3,chi2,MNAR,1.5052848275196666e-62,0.4879002418436337
92,92,0.4,chi2,MCAR,1.0268283721786912e-25,0.37606392543190786
92,92,0.4,chi2,MAR,1.301105342573644e-59,0.4078597582709961
92,92,0.4,chi2,MNAR,1.5052848275196666e-62,0.4879002418436337
93,93,0.0,chi2,MCAR,1.7833658982744578e-99,0.4034689108257514
93,93,0.0,chi2,MAR,1.7833658982744578e-99,0.4034689108257514
93,93,0.0,chi2,MNAR,1.7833658982744578e-99,0.4034689108257514
93,93,0.1,chi2,MCAR,1.210695555754034e-72,0.3839909290996054
93,93,0.1,chi2,MAR,1.0201688328662628e-86,0.39802882861905786
93,93,0.1,chi2,MNAR,1.7833658982744578e-99,0.4034689108257514
93,93,0.2,chi2,MCAR,9.74964206497608e-53,0.37370386180998144
93,93,0.2,chi2,MAR,3.509713968912521e-79,0.4021097952833983
93,93,0.2,chi2,MNAR,1.7833658982744578e-99,0.4034689108257514
93,93,0.3,chi2,MCAR,7.620548851346392e-44,0.39242493315569965
93,93,0.3,chi2,MAR,8.698894508639125e-66,0.39308074651949443
93,93,0.3,chi2,MNAR,1.7852262631829468e-67,0.5044153999417941
93,93,0.4,chi2,MCAR,7.905149273244567e-34,0.40833346731703796
93,93,0.4,chi2,MAR,2.1344063563572384e-56,0.39357745767759755
93,93,0.4,chi2,MNAR,1.7852262631829468e-67,0.5044153999417941
94,94,0.0,chi2,MCAR,3.924438589221585e-92,0.3890329629791155
94,94,0.0,chi2,MAR,3.924438589221585e-92,0.3890329629791155
94,94,0.0,chi2,MNAR,3.924438589221585e-92,0.3890329629791155
94,94,0.1,chi2,MCAR,1.4583336787489457e-73,0.38912608538418864
94,94,0.1,chi2,MAR,3.903463120893045e-80,0.38537492316277816
94,94,0.1,chi2,MNAR,3.924438589221585e-92,0.3890329629791155
94,94,0.2,chi2,MCAR,2.830762544553809e-59,0.3915218405198388
94,94,0.2,chi2,MAR,6.163779512832991e-70,0.38093612835729235
94,94,0.2,chi2,MNAR,3.924438589221585e-92,0.3890329629791155
94,94,0.3,chi2,MCAR,9.49824965985916e-49,0.40351723796465755
94,94,0.3,chi2,MAR,2.1939570473966996e-59,0.3734178877152517
94,94,0.3,chi2,MNAR,6.822788176146712e-57,0.4561960841855863
94,94,0.4,chi2,MCAR,4.578503013223855e-36,0.4085489859813781
94,94,0.4,chi2,MAR,8.75893821103748e-52,0.37860565135351737
94,94,0.4,chi2,MNAR,6.822788176146712e-57,0.4561960841855863
95,95,0.0,chi2,MCAR,2.033270189375739e-94,0.39358505428946744
95,95,0.0,chi2,MAR,2.033270189375739e-94,0.39358505428946744
95,95,0.0,chi2,MNAR,2.033270189375739e-94,0.39358505428946744
95,95,0.1,chi2,MCAR,1.906467684668156e-73,0.39053173902501237
95,95,0.1,chi2,MAR,2.7061937646405354e-85,0.39624250331762106
95,95,0.1,chi2,MNAR,2.033270189375739e-94,0.39358505428946744
95,95,0.2,chi2,MCAR,2.5214688852213643e-52,0.381051853918146
95,95,0.2,chi2,MAR,1.995572776962672e-78,0.4020358857985819
95,95,0.2,chi2,MNAR,2.033270189375739e-94,0.39358505428946744
95,95,0.3,chi2,MCAR,1.9545906357308742e-38,0.3772484944221182
95,95,0.3,chi2,MAR,6.953372998342093e-68,0.4005918882168325
95,95,0.3,chi2,MNAR,1.4208529365887487e-56,0.46364625574867363
95,95,0.4,chi2,MCAR,2.873502277546698e-25,0.3592598060913351
95,95,0.4,chi2,MAR,3.882566304794007e-60,0.4102108419283504
95,95,0.4,chi2,MNAR,1.4208529365887487e-56,0.46364625574867363
96,96,0.0,chi2,MCAR,2.5693821769700634e-112,0.427514389446788
96,96,0.0,chi2,MAR,2.5693821769700634e-112,0.427514389446788
96,96,0.0,chi2,MNAR,2.5693821769700634e-112,0.427514389446788
96,96,0.1,chi2,MCAR,3.0809277556338047e-93,0.43769409955025507
96,96,0.1,chi2,MAR,1.7831803498899952e-95,0.41777176397561316
96,96,0.1,chi2,MNAR,2.5693821769700634e-112,0.427514389446788
96,96,0.2,chi2,MCAR,2.4648055368740165e-66,0.41618226715963186
96,96,0.2,chi2,MAR,1.118528750221071e-80,0.4112962633149369
96,96,0.2,chi2,MNAR,2.5693821769700634e-112,0.427514389446788
96,96,0.3,chi2,MCAR,3.569136141049153e-56,0.43345536585713607
96,96,0.3,chi2,MAR,5.86245877625254e-69,0.40702112153788744
96,96,0.3,chi2,MNAR,2.504277042222273e-65,0.48382059201473304
96,96,0.4,chi2,MCAR,1.3225828279143185e-40,0.43294322895075177
96,96,0.4,chi2,MAR,2.098859906595939e-57,0.4041135083145303
96,96,0.4,chi2,MNAR,2.504277042222273e-65,0.48382059201473304
97,97,0.0,chi2,MCAR,1.1192444895726874e-86,0.37793954007269903
97,97,0.0,chi2,MAR,1.1192444895726874e-86,0.37793954007269903
97,97,0.0,chi2,MNAR,1.1192444895726874e-86,0.37793954007269903
97,97,0.1,chi2,MCAR,9.971563540462313e-72,0.38031916213855194
97,97,0.1,chi2,MAR,6.452689943386317e-79,0.3796347430458255
97,97,0.1,chi2,MNAR,1.1192444895726874e-86,0.37793954007269903
97,97,0.2,chi2,MCAR,2.801479696098481e-62,0.39553506033043456
97,97,0.2,chi2,MAR,4.241263499128164e-65,0.367437611547821
97,97,0.2,chi2,MNAR,1.1192444895726874e-86,0.37793954007269903
97,97,0.3,chi2,MCAR,2.255068285565147e-49,0.4035384570819281
97,97,0.3,chi2,MAR,5.239134760612208e-63,0.38549289560980793
97,97,0.3,chi2,MNAR,3.1725360993655555e-53,0.45737530514004526
97,97,0.4,chi2,MCAR,2.1920891561551156e-32,0.3891188249276163
97,97,0.4,chi2,MAR,2.2090094608875403e-48,0.3683997047760661
97,97,0.4,chi2,MNAR,3.1725360993655555e-53,0.45737530514004526
98,98,0.0,chi2,MCAR,8.522056631243404e-83,0.36983663385477494
98,98,0.0,chi2,MAR,8.522056631243404e-83,0.36983663385477494
98,98,0.0,chi2,MNAR,8.522056631243404e-83,0.36983663385477494
98,98,0.1,chi2,MCAR,2.8576123794620874e-66,0.37614694676720845
98,98,0.1,chi2,MAR,2.5456095154736623e-70,0.3634044981748983
98,98,0.1,chi2,MNAR,8.522056631243404e-83,0.36983663385477494
98,98,0.2,chi2,MCAR,1.4560443083349957e-49,0.36454456182207295
98,98,0.2,chi2,MAR,2.5204280571450192e-62,0.36365112688476736
98,98,0.2,chi2,MNAR,8.522056631243404e-83,0.36983663385477494
98,98,0.3,chi2,MCAR,8.179615594155179e-34,0.3540518709261094
98,98,0.3,chi2,MAR,4.996441967693763e-46,0.3417470883357166
98,98,0.3,chi2,MNAR,5.264006031002651e-53,0.4458167059442474
98,98,0.4,chi2,MCAR,1.4459777143321971e-21,0.3378255680694706
98,98,0.4,chi2,MAR,1.3959522593235523e-35,0.33110192054046517
98,98,0.4,chi2,MNAR,5.264006031002651e-53,0.4458167059442474
99,99,0.0,chi2,MCAR,3.0482760536136613e-84,0.3728774691653033
99,99,0.0,chi2,MAR,3.0482760536136613e-84,0.3728774691653033
99,99,0.0,chi2,MNAR,3.0482760536136613e-84,0.3728774691653033
99,99,0.1,chi2,MCAR,1.9083065294428456e-71,0.3775647564710359
99,99,0.1,chi2,MAR,2.8312659207820025e-77,0.3718117611110994
99,99,0.1,chi2,MNAR,3.0482760536136613e-84,0.3728774691653033
99,99,0.2,chi2,MCAR,8.31117100647744e-56,0.3795284321562744
99,99,0.2,chi2,MAR,1.7855034549335055e-63,0.36067406805453084
99,99,0.2,chi2,MNAR,3.0482760536136613e-84,0.3728774691653033
99,99,0.3,chi2,MCAR,2.7984816392622085e-42,0.3772038639581065
99,99,0.3,chi2,MAR,3.417927348158836e-55,0.3601605137680265
99,99,0.3,chi2,MNAR,1.1507038861788983e-57,0.45887727369178516
99,99,0.4,chi2,MCAR,6.040800856175052e-30,0.37813652482970656
99,99,0.4,chi2,MAR,1.3172375191301197e-49,0.3667128581490492
99,99,0.4,chi2,MNAR,1.1507038861788983e-57,0.45887727369178516
